acccount_number,full_name,email,gender,dob,balance
2713172963,Augustina Edelheit,aedelheit0@walmart.com,aedelheit0@bravesites.com,1983-11-24,7304041
5795461956,Lawton Thacker,lthacker1@bloomberg.com,lthacker1@google.com.hk,1982-06-09,2090072
3948499874,Carlie Conachy,cconachy2@ow.ly,cconachy2@devhub.com,2021-03-18,3260609
3332279147,Kata Espina,kespina3@zdnet.com,kespina3@feedburner.com,1980-05-08,6075104
8621633324,Timmie Deakan,tdeakan4@goo.ne.jp,tdeakan4@shop-pro.jp,1995-11-07,3195698
1582000394,Delmor Banisch,dbanisch5@boston.com,dbanisch5@flavors.me,2006-09-09,7018842
2492293526,Madelina Ollin,mollin6@hao123.com,mollin6@techcrunch.com,1999-09-07,8373913
2924321049,Arlin Fullerton,afullerton7@topsy.com,afullerton7@opensource.org,2006-01-17,7799512
2927417174,Shell Belden,sbelden8@comsenz.com,sbelden8@cdc.gov,2020-01-17,1050174
1488269719,Kendell Mityashin,kmityashin9@google.com.br,kmityashin9@columbia.edu,1983-03-03,8608981
5497857438,Dedie Ferrarone,dferraronea@chicagotribune.com,dferraronea@123-reg.co.uk,2000-02-27,2693668
6592613050,Aldon Grugerr,agrugerrb@nytimes.com,agrugerrb@shareasale.com,2011-10-14,2954825
5775870445,Noland Penrice,npenricec@webnode.com,npenricec@tripod.com,1999-10-05,1513968
4252697243,Borden Howels,bhowelsd@cafepress.com,bhowelsd@zimbio.com,2006-05-27,5444032
9342844506,Petrina Arlet,parlete@creativecommons.org,parlete@amazon.de,2001-06-10,1232134
7151849312,Anthe Moran,amoranf@pbs.org,amoranf@independent.co.uk,1990-02-01,5813538
5331976407,Hobey Clarage,hclarageg@storify.com,hclarageg@walmart.com,1999-08-18,1504798
4525187716,Silvana Mapam,smapamh@google.pl,smapamh@google.com.br,2018-07-10,5946789
7839967234,Clare Harbor,charbori@cloudflare.com,charbori@myspace.com,2012-08-07,4834942
6059028635,Genny Foucar,gfoucarj@xinhuanet.com,gfoucarj@friendfeed.com,1990-07-07,2816268
9259957447,Hayden Kipping,hkippingk@usgs.gov,hkippingk@cnn.com,1998-09-13,6332576
6377221582,Alexandra Coonan,acoonanl@deviantart.com,acoonanl@godaddy.com,1981-10-12,3445105
5768534546,Joela Collingworth,jcollingworthm@nih.gov,jcollingworthm@auda.org.au,2004-11-30,9922807
7657079225,Claudius Roose,croosen@cafepress.com,croosen@ustream.tv,2017-02-22,4897783
1359052422,Steffen Wigg,swiggo@redcross.org,swiggo@zimbio.com,2011-07-21,5982133
8614956908,Chad Fieller,cfiellerp@a8.net,cfiellerp@hud.gov,1989-04-10,2180331
1241752797,Cal McGroarty,cmcgroartyq@wordpress.org,cmcgroartyq@state.tx.us,2003-11-07,5177327
6044505458,Isa Bigly,ibiglyr@apache.org,ibiglyr@wix.com,2007-10-19,4737127
8767828596,Dacia Gogin,dgogins@harvard.edu,dgogins@auda.org.au,2005-02-23,9030834
5657317471,Smitty Rolfs,srolfst@prnewswire.com,srolfst@opensource.org,2006-04-06,3710745
7336436256,Angeli Platfoot,aplatfootu@alibaba.com,aplatfootu@yahoo.co.jp,1990-06-16,4885677
8873631046,Sloane Gray,sgrayv@adobe.com,sgrayv@whitehouse.gov,1986-02-19,1085171
5325370577,Coralyn Tooker,ctookerw@google.co.jp,ctookerw@yellowbook.com,1987-05-02,1726550
4587554066,Camilla Henrion,chenrionx@netlog.com,chenrionx@microsoft.com,2017-10-19,9576312
9055655238,Brana Simcox,bsimcoxy@state.tx.us,bsimcoxy@berkeley.edu,2008-10-31,5281272
4359599625,Ced Glencorse,cglencorsez@cpanel.net,cglencorsez@pagesperso-orange.fr,1997-09-18,9599087
7701230342,Debby Greeno,dgreeno10@sohu.com,dgreeno10@google.co.jp,1990-04-05,7587438
1244447215,Beulah Skough,bskough11@reuters.com,bskough11@apache.org,2016-10-22,9083535
5624527049,Koressa Kees,kkees12@xing.com,kkees12@sciencedirect.com,2013-07-19,3397246
1425044571,Prince Hargroves,phargroves13@youtu.be,phargroves13@technorati.com,2016-07-31,7313149
4113614722,Philbert Brockhouse,pbrockhouse14@g.co,pbrockhouse14@deviantart.com,2013-07-27,9778968
1793562631,Miguelita Thame,mthame15@bravesites.com,mthame15@ow.ly,2000-06-29,6616595
9145681891,Pavel Bellward,pbellward16@yale.edu,pbellward16@wikipedia.org,1983-01-26,1844486
3380822801,Nerti Thornber,nthornber17@omniture.com,nthornber17@eepurl.com,1984-10-05,4330701
1298199477,Juli Shaddock,jshaddock18@ihg.com,jshaddock18@youku.com,2000-04-23,1131787
6407720570,Herbie Lampe,hlampe19@irs.gov,hlampe19@archive.org,1982-06-19,5648108
6867185726,Darcee Gentsch,dgentsch1a@domainmarket.com,dgentsch1a@blogs.com,1990-09-24,8132566
3807460789,Teodoro Turfrey,tturfrey1b@yahoo.com,tturfrey1b@sciencedaily.com,2004-01-18,5463751
4588696763,Breena Ledstone,bledstone1c@google.com.br,bledstone1c@spotify.com,2021-03-03,4743150
1738724856,Shepperd Rickerd,srickerd1d@over-blog.com,srickerd1d@ox.ac.uk,1997-02-24,2668958
7938685590,Delano Blaby,dblaby1e@barnesandnoble.com,dblaby1e@icq.com,2019-04-08,969953
8357943761,Web Nutbean,wnutbean1f@dion.ne.jp,wnutbean1f@answers.com,2002-04-04,5393168
1905056157,Mattie Bartram,mbartram1g@qq.com,mbartram1g@parallels.com,2009-08-08,9640972
6110141414,Durante Adamovitch,dadamovitch1h@pbs.org,dadamovitch1h@answers.com,2000-05-15,4260731
7510568382,Josy Rupert,jrupert1i@wufoo.com,jrupert1i@woothemes.com,1997-01-31,4390651
8400027811,Arlena Whaites,awhaites1j@sakura.ne.jp,awhaites1j@noaa.gov,1981-06-26,8981782
9368977131,Clemmie Cartmell,ccartmell1k@chicagotribune.com,ccartmell1k@blogger.com,1995-02-16,6515002
8148401458,Winni Karczinski,wkarczinski1l@who.int,wkarczinski1l@webeden.co.uk,2007-04-11,4724982
9842262968,Cross Plunket,cplunket1m@cbsnews.com,cplunket1m@ucla.edu,2006-03-19,710757
8642011760,Raddy Jemison,rjemison1n@arstechnica.com,rjemison1n@buzzfeed.com,2002-01-10,8870046
1940135646,Constancia Maren,cmaren1o@list-manage.com,cmaren1o@google.nl,1993-09-08,6031140
9640786924,Matthias Tipton,mtipton1p@harvard.edu,mtipton1p@stumbleupon.com,1997-06-17,3928149
4769977422,Lyndsey Farrear,lfarrear1q@eventbrite.com,lfarrear1q@wikimedia.org,2018-03-04,2836090
2421689429,Rozanna Yurin,ryurin1r@tamu.edu,ryurin1r@yahoo.com,2006-07-28,649534
1749932092,Paddy Dulinty,pdulinty1s@admin.ch,pdulinty1s@opera.com,1980-08-12,5346035
5292990495,Sophi Spurden,sspurden1t@sourceforge.net,sspurden1t@discovery.com,1995-10-13,9304314
6084418886,Sadye Kibbee,skibbee1u@taobao.com,skibbee1u@harvard.edu,2011-01-05,6874200
3339447361,Weider Atkirk,watkirk1v@flavors.me,watkirk1v@constantcontact.com,1985-11-24,1574195
5205708767,Franny Dovydenas,fdovydenas1w@cafepress.com,fdovydenas1w@guardian.co.uk,1980-10-07,392649
7395494811,Ronald Carwithim,rcarwithim1x@csmonitor.com,rcarwithim1x@google.com.br,2004-02-12,8902607
9201068520,Freeland Ebbins,febbins1y@delicious.com,febbins1y@oaic.gov.au,2001-04-23,4184225
4482025631,Lea Abendroth,labendroth1z@wsj.com,labendroth1z@harvard.edu,1984-08-13,4073909
4533649432,Michelle Poli,mpoli20@adobe.com,mpoli20@webs.com,2018-02-04,9200829
8721371519,Deeanne Wynn,dwynn21@gov.uk,dwynn21@tripadvisor.com,1996-09-19,7230329
1012133986,Tudor Scading,tscading22@webnode.com,tscading22@topsy.com,2006-05-29,7739712
1180455512,Niven Canto,ncanto23@washington.edu,ncanto23@auda.org.au,1988-12-17,9370245
2959835537,Bart Prujean,bprujean24@wufoo.com,bprujean24@behance.net,2006-06-09,8959090
6314329030,Vally Lawrenceson,vlawrenceson25@ihg.com,vlawrenceson25@sphinn.com,2011-08-23,1704188
8023657285,Kori Baudins,kbaudins26@springer.com,kbaudins26@sphinn.com,1989-06-30,6459306
1381147548,Horatius McAlinden,hmcalinden27@sfgate.com,hmcalinden27@google.ru,1999-10-18,4955965
7878252389,Briano Rubinov,brubinov28@eepurl.com,brubinov28@oracle.com,1982-03-08,4581013
7770071372,Vergil Lissandri,vlissandri29@jalbum.net,vlissandri29@uiuc.edu,1999-12-31,3036114
4738758991,Marta Richold,mrichold2a@state.gov,mrichold2a@de.vu,1996-02-16,6038312
1243729035,Jacob Voak,jvoak2b@themeforest.net,jvoak2b@slashdot.org,2006-01-23,4448373
8601474123,Rolland Gibbeson,rgibbeson2c@tinyurl.com,rgibbeson2c@wp.com,1998-10-25,8980140
5905857037,Kimmie Cattle,kcattle2d@independent.co.uk,kcattle2d@phpbb.com,1993-02-24,1626520
3359275862,Jenifer Drewell,jdrewell2e@flickr.com,jdrewell2e@europa.eu,1992-01-27,1403632
7108748165,Carin Crass,ccrass2f@unc.edu,ccrass2f@illinois.edu,1986-07-09,3816162
4791312767,Bobbie Thorneloe,bthorneloe2g@last.fm,bthorneloe2g@liveinternet.ru,2005-05-01,3386659
4261190314,Antin Rawne,arawne2h@microsoft.com,arawne2h@weebly.com,2020-04-20,3559708
6186076131,Karita Renad,krenad2i@skype.com,krenad2i@jiathis.com,1995-09-21,8689021
5344566047,Pierre Mouan,pmouan2j@cdc.gov,pmouan2j@exblog.jp,2016-10-05,6672331
2495257287,Bethanne Meininking,bmeininking2k@mediafire.com,bmeininking2k@moonfruit.com,2000-07-10,2468074
9510738781,Eolande Brunker,ebrunker2l@theguardian.com,ebrunker2l@tmall.com,1989-11-01,4488405
3158821236,Samuele Clitheroe,sclitheroe2m@tuttocitta.it,sclitheroe2m@parallels.com,1996-01-13,3572295
4927051042,Casie Michelle,cmichelle2n@pen.io,cmichelle2n@icio.us,2004-07-15,4428853
9915676076,Silva Macey,smacey2o@yahoo.com,smacey2o@nymag.com,2002-01-28,8913829
6638986538,Asa Littlepage,alittlepage2p@nationalgeographic.com,alittlepage2p@yale.edu,2003-09-11,1104076
1250843883,Piper Mularkey,pmularkey2q@ustream.tv,pmularkey2q@auda.org.au,1993-05-15,8808344
9380032566,Delilah Worsalls,dworsalls2r@xrea.com,dworsalls2r@ameblo.jp,1981-10-19,591479
2873854917,Phillipe D'Abbot-Doyle,pdabbotdoyle2s@harvard.edu,pdabbotdoyle2s@gizmodo.com,1993-03-18,5193953
5586780702,Conchita Castaignet,ccastaignet2t@un.org,ccastaignet2t@printfriendly.com,1993-04-20,995264
3873378717,Judas Killich,jkillich2u@businessweek.com,jkillich2u@netvibes.com,1991-09-27,7078307
8570984822,Angeli Yoskowitz,ayoskowitz2v@ted.com,ayoskowitz2v@nih.gov,2000-08-21,7308689
4311171168,Dall Tooke,dtooke2w@eventbrite.com,dtooke2w@newyorker.com,1998-08-21,2163941
6748916165,Ginger Lujan,glujan2x@youku.com,glujan2x@rambler.ru,1985-03-26,9282182
9713819600,Tiertza Rowes,trowes2y@mayoclinic.com,trowes2y@businessweek.com,1994-03-29,1767404
7514610339,Druci Code,dcode2z@marriott.com,dcode2z@huffingtonpost.com,1994-01-30,9753430
7922730015,Dorelia Hinsch,dhinsch30@google.es,dhinsch30@cmu.edu,2018-09-28,3396397
3195418266,Ferguson Pindell,fpindell31@ted.com,fpindell31@goo.ne.jp,2006-05-03,8419036
9884416465,Vivianne Tinn,vtinn32@etsy.com,vtinn32@blogger.com,2016-12-07,913617
5408882952,Alfredo Swindells,aswindells33@imageshack.us,aswindells33@ifeng.com,2021-03-19,8604853
2515761689,Olga Goaks,ogoaks34@senate.gov,ogoaks34@go.com,2014-11-23,4067796
2847239462,Borg Rumford,brumford35@1und1.de,brumford35@opera.com,2013-03-18,2013791
3392868843,Elisabeth Jurczyk,ejurczyk36@stumbleupon.com,ejurczyk36@dell.com,1998-05-10,9252484
7242008234,De witt Thackeray,dwitt37@drupal.org,dwitt37@cnet.com,2022-03-08,8504749
5436308097,Harwilll Rawll,hrawll38@altervista.org,hrawll38@google.co.jp,1999-11-13,5951941
3165549195,Rodrick Jackes,rjackes39@indiatimes.com,rjackes39@unc.edu,1995-06-28,3024580
4590223422,Diarmid Bunten,dbunten3a@a8.net,dbunten3a@cbc.ca,2020-10-06,9468607
4553610320,Maud Girkins,mgirkins3b@tinypic.com,mgirkins3b@sogou.com,1992-03-17,5172503
9371124617,Zita Hunstone,zhunstone3c@salon.com,zhunstone3c@sakura.ne.jp,2003-09-13,19938
5289872526,Starla Yedall,syedall3d@mit.edu,syedall3d@unc.edu,2000-12-15,5628179
5882197024,Benoite Gossington,bgossington3e@auda.org.au,bgossington3e@umn.edu,2019-01-23,3850440
9979834620,Guinna Hurdis,ghurdis3f@engadget.com,ghurdis3f@psu.edu,2021-03-08,8365034
1971252962,Delano Dries,ddries3g@home.pl,ddries3g@amazon.co.jp,1981-10-30,699040
1232354355,Rikki Kissell,rkissell3h@indiegogo.com,rkissell3h@seesaa.net,1985-04-28,9501349
4113367652,Carin Loch,cloch3i@nba.com,cloch3i@posterous.com,2015-03-03,444593
5531398452,Stephanie Esherwood,sesherwood3j@shareasale.com,sesherwood3j@smugmug.com,2006-08-18,3793529
8399331054,Koenraad Sprowles,ksprowles3k@google.fr,ksprowles3k@gmpg.org,2017-07-08,7631754
7677746669,Zebulen Yair,zyair3l@github.com,zyair3l@usgs.gov,1999-04-01,3358279
1018445743,Alana Pays,apays3m@independent.co.uk,apays3m@e-recht24.de,2016-04-13,820861
1316206370,Nanci Sail,nsail3n@imdb.com,nsail3n@nbcnews.com,2002-03-20,1006402
4335273965,Silvan Mawer,smawer3o@paginegialle.it,smawer3o@mail.ru,1993-10-03,4618130
9307751493,Ricky Doige,rdoige3p@symantec.com,rdoige3p@desdev.cn,1983-08-17,5795001
2888296622,Bertie Connerry,bconnerry3q@globo.com,bconnerry3q@archive.org,2010-06-07,9397783
2656714378,Susann Swales,sswales3r@washingtonpost.com,sswales3r@newyorker.com,1980-01-20,3154961
5712273286,Keen Hefner,khefner3s@sohu.com,khefner3s@answers.com,2001-09-30,9197132
1468207745,Ethelbert Bazire,ebazire3t@harvard.edu,ebazire3t@google.fr,2020-01-24,3305707
1781657976,Guendolen Cheales,gcheales3u@free.fr,gcheales3u@wordpress.org,1999-07-26,6391036
8832733231,Frants Friary,ffriary3v@eepurl.com,ffriary3v@ocn.ne.jp,2019-04-02,7966310
1260650267,Revkah Benning,rbenning3w@stanford.edu,rbenning3w@foxnews.com,1991-12-10,290651
5178705273,Aurlie Jesse,ajesse3x@jugem.jp,ajesse3x@whitehouse.gov,2014-04-08,265307
6706321389,Nicky Goodenough,ngoodenough3y@google.com.br,ngoodenough3y@tripod.com,2000-02-16,5676144
1546483603,Millicent Curme,mcurme3z@hatena.ne.jp,mcurme3z@biblegateway.com,2004-04-05,9599780
2047773496,Gabrielle Gegg,ggegg40@usgs.gov,ggegg40@mozilla.org,2001-12-19,7123541
2941402129,Ingmar Shellard,ishellard41@jimdo.com,ishellard41@so-net.ne.jp,1988-06-07,531878
8048422236,Eada Wareing,ewareing42@sfgate.com,ewareing42@ted.com,2003-12-25,8311728
8637380262,Kial Delue,kdelue43@theatlantic.com,kdelue43@unicef.org,1990-10-07,2765390
5928259297,Amelina Trueman,atrueman44@delicious.com,atrueman44@bizjournals.com,2004-02-21,1874806
8739776371,Darelle Stempe,dstempe45@washingtonpost.com,dstempe45@youku.com,1993-09-12,2219178
6014694275,Avram Lassen,alassen46@usa.gov,alassen46@opera.com,2011-07-03,3295226
6128256529,Ezekiel Osbourne,eosbourne47@guardian.co.uk,eosbourne47@nyu.edu,1997-07-07,6728699
2234010576,Tedra Gandey,tgandey48@cbslocal.com,tgandey48@ed.gov,2019-01-24,7087857
7416106794,Hobart Swett,hswett49@ow.ly,hswett49@imdb.com,1996-12-04,7690836
4705592971,Vonny Oloman,voloman4a@flickr.com,voloman4a@state.gov,1983-08-24,1943981
1664415175,Iorgos Ickovits,iickovits4b@liveinternet.ru,iickovits4b@wix.com,2008-08-13,1353372
2940137257,Joy Pheazey,jpheazey4c@netlog.com,jpheazey4c@cnn.com,2014-08-21,4528636
1439149654,Had Koubu,hkoubu4d@google.es,hkoubu4d@bandcamp.com,2013-12-19,6744633
1874048784,Arnold Bonanno,abonanno4e@ustream.tv,abonanno4e@slashdot.org,1997-06-27,4358116
5293253388,Brittani Behne,bbehne4f@hc360.com,bbehne4f@spotify.com,1990-01-01,6258414
5527150798,Hermie Trevaskus,htrevaskus4g@umich.edu,htrevaskus4g@webnode.com,1989-08-02,6588966
6903034723,Jory Clemont,jclemont4h@businessweek.com,jclemont4h@angelfire.com,1999-06-18,6814546
5578354260,Monte Barneville,mbarneville4i@netlog.com,mbarneville4i@t-online.de,2015-01-01,3231900
3554099417,Archibaldo Lesley,alesley4j@github.io,alesley4j@dailymotion.com,2019-10-31,1576781
5515344232,Linell Bytheway,lbytheway4k@phoca.cz,lbytheway4k@uiuc.edu,2021-07-10,7965152
2810749518,Geralda Ehlerding,gehlerding4l@vimeo.com,gehlerding4l@shop-pro.jp,2000-01-17,2729206
7268006291,Yorgo Meak,ymeak4m@uiuc.edu,ymeak4m@wired.com,2020-02-21,3577310
9038278633,Cathy Boynes,cboynes4n@about.com,cboynes4n@comsenz.com,2007-03-31,7966733
3208945598,Briant Russ,bruss4o@nyu.edu,bruss4o@hatena.ne.jp,2021-09-02,8385578
4778452329,Rebekah Wrightham,rwrightham4p@discovery.com,rwrightham4p@whitehouse.gov,2010-07-02,4290137
8397175280,Carson Broose,cbroose4q@reference.com,cbroose4q@weibo.com,2007-03-24,3298896
5583553525,Katrine Parcells,kparcells4r@nyu.edu,kparcells4r@constantcontact.com,1998-04-08,3250681
6594176587,Gwynne Baskwell,gbaskwell4s@reverbnation.com,gbaskwell4s@earthlink.net,1998-10-17,6201881
1405317403,Teressa Rapin,trapin4t@i2i.jp,trapin4t@sakura.ne.jp,1989-11-07,283190
2590166182,Diena Blasing,dblasing4u@liveinternet.ru,dblasing4u@tinypic.com,1999-05-13,4041134
4980864500,Cinderella Marde,cmarde4v@cbsnews.com,cmarde4v@kickstarter.com,2004-12-14,2719195
9746347033,Katalin Dolphin,kdolphin4w@accuweather.com,kdolphin4w@nymag.com,1990-05-11,310529
2850114933,Heidi Croisdall,hcroisdall4x@imdb.com,hcroisdall4x@ow.ly,2005-10-24,8435497
9499548212,Devon Etheridge,detheridge4y@miitbeian.gov.cn,detheridge4y@si.edu,2019-03-15,2860327
1416541106,Delilah Teale,dteale4z@youtu.be,dteale4z@google.nl,1991-02-08,328180
5361053154,Devora Hedde,dhedde50@altervista.org,dhedde50@ucsd.edu,2000-09-15,4034660
5287271783,Chas Rambaut,crambaut51@livejournal.com,crambaut51@utexas.edu,2014-08-24,5789303
4343067033,Prescott Miquelet,pmiquelet52@illinois.edu,pmiquelet52@google.nl,1984-01-13,7709898
6668386174,Silvanus Durrance,sdurrance53@lulu.com,sdurrance53@ucla.edu,1994-03-16,746074
5840291798,Melisent Rhymer,mrhymer54@dell.com,mrhymer54@drupal.org,2008-07-31,5989405
8685374515,Louisa MacCarrick,lmaccarrick55@stanford.edu,lmaccarrick55@wufoo.com,1983-12-08,5177609
1220283406,Marge Benn,mbenn56@va.gov,mbenn56@wp.com,1992-03-20,6185262
6800908191,Giselle Oakey,goakey57@youku.com,goakey57@omniture.com,1989-06-17,7730365
9312911604,Adeline Bruhnsen,abruhnsen58@intel.com,abruhnsen58@yandex.ru,1996-11-23,7514505
2167514890,Lisetta Beardshall,lbeardshall59@smugmug.com,lbeardshall59@merriam-webster.com,2007-07-18,3114699
9671813007,Leland Prosch,lprosch5a@disqus.com,lprosch5a@people.com.cn,2004-04-09,7448197
8408616384,Kaiser Filby,kfilby5b@state.gov,kfilby5b@g.co,2020-08-15,3899273
9638777105,Sterne Bolding,sbolding5c@nytimes.com,sbolding5c@odnoklassniki.ru,1987-02-17,1940733
6699116710,Casandra Landes,clandes5d@myspace.com,clandes5d@cocolog-nifty.com,2010-04-12,8168652
4568438184,Brandi Mattiazzi,bmattiazzi5e@imdb.com,bmattiazzi5e@amazon.com,2018-05-06,8563484
6009077208,Kayla Vanderson,kvanderson5f@ameblo.jp,kvanderson5f@chicagotribune.com,2015-12-23,2813488
1992920615,Gallard Capner,gcapner5g@google.co.jp,gcapner5g@comcast.net,1992-05-25,175117
7783801947,Kerrin Hulburt,khulburt5h@tuttocitta.it,khulburt5h@gmpg.org,1980-12-09,3355053
8752366745,Sonny Greeves,sgreeves5i@lycos.com,sgreeves5i@sun.com,2004-04-09,1531089
3398615048,Bogart Measen,bmeasen5j@vkontakte.ru,bmeasen5j@noaa.gov,1985-09-26,7754174
9398930493,Yule Riddington,yriddington5k@twitpic.com,yriddington5k@apple.com,2002-10-18,3620880
5905805681,Nisse Sysland,nsysland5l@mapy.cz,nsysland5l@hc360.com,2016-11-25,5476586
7231761703,Kira Nare,knare5m@wikispaces.com,knare5m@newsvine.com,2017-02-10,6931499
4363388382,Vite Stirtle,vstirtle5n@squarespace.com,vstirtle5n@slate.com,1983-05-29,2865069
4592188298,Chicky Teffrey,cteffrey5o@apache.org,cteffrey5o@mashable.com,2021-06-14,2904542
6609219845,Dita Witherspoon,dwitherspoon5p@smh.com.au,dwitherspoon5p@posterous.com,2005-07-03,2010870
2717326858,Shannen Pinckstone,spinckstone5q@histats.com,spinckstone5q@apple.com,2022-03-07,3716913
3503314402,Christye Dixcee,cdixcee5r@purevolume.com,cdixcee5r@washingtonpost.com,2006-06-17,527876
1923974991,Lotta Gummory,lgummory5s@cisco.com,lgummory5s@hatena.ne.jp,2013-09-10,6199071
1603261289,Clarita Gammill,cgammill5t@chicagotribune.com,cgammill5t@patch.com,1984-05-01,5309981
1466917111,Pip Lowerson,plowerson5u@newyorker.com,plowerson5u@jalbum.net,1982-07-12,250635
3733860211,Correy Hubbold,chubbold5v@cocolog-nifty.com,chubbold5v@vk.com,1991-01-11,643464
4087747390,Siffre Shuttle,sshuttle5w@disqus.com,sshuttle5w@marriott.com,1980-08-22,8092395
6539405597,Alair Cockrell,acockrell5x@upenn.edu,acockrell5x@phpbb.com,1992-06-05,5329561
3187948255,Tracey Thraves,tthraves5y@elegantthemes.com,tthraves5y@1688.com,2003-12-03,2982288
3178441383,Sadye Kitchingham,skitchingham5z@forbes.com,skitchingham5z@printfriendly.com,1995-05-04,3045888
3987291591,Kippie Wymer,kwymer60@tmall.com,kwymer60@mashable.com,1992-05-20,6081427
2719364777,Jaquenette Dummigan,jdummigan61@technorati.com,jdummigan61@etsy.com,1990-12-19,219998
6700882024,Killie Beller,kbeller62@imgur.com,kbeller62@bandcamp.com,1984-07-02,5938313
7537261532,Garrard Delieu,gdelieu63@hc360.com,gdelieu63@twitter.com,2006-12-10,7456800
1975002048,Doloritas Kluger,dkluger64@npr.org,dkluger64@furl.net,1997-05-05,2796535
3878419519,Sonnie Vecard,svecard65@telegraph.co.uk,svecard65@lulu.com,1981-11-25,2275403
4194303116,Sheela Hoston,shoston66@mysql.com,shoston66@storify.com,2011-04-13,7181138
6228641842,Manon Caldaro,mcaldaro67@google.com.hk,mcaldaro67@drupal.org,2008-06-01,8941967
3082359303,Morty Olliar,molliar68@princeton.edu,molliar68@marriott.com,1984-09-29,5550249
9476857468,Marchelle Remmers,mremmers69@prnewswire.com,mremmers69@tripod.com,2010-11-29,5149107
8177841379,Anjanette Johannesson,ajohannesson6a@guardian.co.uk,ajohannesson6a@alibaba.com,2003-04-13,3981335
2670639992,Ginnie Torbet,gtorbet6b@ezinearticles.com,gtorbet6b@bing.com,1980-03-13,2322819
6590714579,Shane Klousner,sklousner6c@live.com,sklousner6c@drupal.org,1988-04-25,4840612
7748266662,Leann Bowmer,lbowmer6d@bizjournals.com,lbowmer6d@sourceforge.net,1980-04-16,4594845
5362944149,Valera D'Emanuele,vdemanuele6e@stanford.edu,vdemanuele6e@bizjournals.com,2007-03-17,3118469
1686474333,Dayna Malyon,dmalyon6f@jigsy.com,dmalyon6f@istockphoto.com,2012-02-25,4873903
2603364908,Rogerio Nannizzi,rnannizzi6g@bigcartel.com,rnannizzi6g@comsenz.com,1992-03-17,1531692
3621291332,Travus Grandham,tgrandham6h@jiathis.com,tgrandham6h@statcounter.com,1984-10-01,4883671
4243396959,Luisa Joder,ljoder6i@tiny.cc,ljoder6i@loc.gov,2008-10-11,3067293
3414403417,Chlo Manns,cmanns6j@arstechnica.com,cmanns6j@epa.gov,2005-12-30,2529798
2783738920,Lynnell Lies,llies6k@tamu.edu,llies6k@oracle.com,2000-07-07,3056851
4813145560,Marleen Leer,mleer6l@wired.com,mleer6l@nps.gov,2006-10-22,3116171
7110641511,Pansie Kingescot,pkingescot6m@webs.com,pkingescot6m@dagondesign.com,1981-11-02,1069586
2750864250,Taber Benn,tbenn6n@geocities.jp,tbenn6n@nyu.edu,1998-12-25,9764349
8871485911,Tiff Doman,tdoman6o@census.gov,tdoman6o@upenn.edu,2013-07-10,6163693
6658146241,Rachelle Alexander,ralexander6p@irs.gov,ralexander6p@abc.net.au,2004-11-25,385797
6745043201,Stewart Belson,sbelson6q@wordpress.org,sbelson6q@vinaora.com,1990-03-12,1858927
7478403576,Buddy Enderson,benderson6r@clickbank.net,benderson6r@weibo.com,2010-05-17,6964298
7493225956,Murdock Hindenberger,mhindenberger6s@loc.gov,mhindenberger6s@intel.com,1980-03-16,881711
1556993370,Wayne Zapatero,wzapatero6t@sourceforge.net,wzapatero6t@seattletimes.com,2006-10-18,7865997
3574523843,Sax Posnett,sposnett6u@yellowpages.com,sposnett6u@go.com,2016-04-18,2085189
8088047275,Lark Berntsson,lberntsson6v@reference.com,lberntsson6v@booking.com,1982-05-10,2685966
1699123850,Edythe Ginity,eginity6w@purevolume.com,eginity6w@parallels.com,2004-12-27,7530813
2881622949,Stern Farlambe,sfarlambe6x@usgs.gov,sfarlambe6x@phoca.cz,2007-07-09,5775329
2230606945,Tildy Hinder,thinder6y@kickstarter.com,thinder6y@sourceforge.net,1983-03-09,324437
7727741200,Pamela Muncie,pmuncie6z@nifty.com,pmuncie6z@com.com,1982-10-02,3764041
8629373836,Jareb Baume,jbaume70@seattletimes.com,jbaume70@loc.gov,2002-05-15,2485839
1914588265,Norton Buddleigh,nbuddleigh71@scribd.com,nbuddleigh71@prweb.com,1995-11-01,3048068
5559611371,Kylen Ibarra,kibarra72@archive.org,kibarra72@arizona.edu,1981-10-05,6522038
6522175239,Samara Breslin,sbreslin73@weibo.com,sbreslin73@cam.ac.uk,2021-07-11,3432500
2057139878,Leshia Pactat,lpactat74@alexa.com,lpactat74@infoseek.co.jp,1983-05-23,8353254
8919875965,Selma De Cristoforo,sde75@livejournal.com,sde75@com.com,1997-04-03,5164092
3055337755,Silvio Hainge,shainge76@artisteer.com,shainge76@psu.edu,1996-03-23,3909100
6744094758,Paulita Lomasney,plomasney77@cdc.gov,plomasney77@forbes.com,2000-10-03,6763064
5726742711,Hinze Fattore,hfattore78@cdc.gov,hfattore78@privacy.gov.au,1984-11-02,6798475
7648730481,Marcelline Paulucci,mpaulucci79@google.com.hk,mpaulucci79@acquirethisname.com,1995-11-28,2777003
6897423803,Karen Chaffyn,kchaffyn7a@reverbnation.com,kchaffyn7a@youku.com,1981-10-27,9405720
7116416675,Lainey Leftley,lleftley7b@comsenz.com,lleftley7b@tmall.com,2021-11-27,8592577
9728156890,Nicolea Trevena,ntrevena7c@artisteer.com,ntrevena7c@japanpost.jp,1983-01-04,1149593
6235003125,Raleigh McCaughran,rmccaughran7d@reddit.com,rmccaughran7d@youtube.com,1982-12-19,3369693
2535093853,Jaymie Petrazzi,jpetrazzi7e@github.io,jpetrazzi7e@nba.com,1991-04-17,2431142
1976402733,Rikki Charker,rcharker7f@amazon.co.jp,rcharker7f@usda.gov,1991-03-06,1212248
9502199827,Juliane Butfield,jbutfield7g@un.org,jbutfield7g@nbcnews.com,2007-09-03,6435500
3999078924,Ollie Piris,opiris7h@answers.com,opiris7h@usnews.com,2019-03-04,9041514
4077431836,Layney Sent,lsent7i@europa.eu,lsent7i@joomla.org,2020-09-09,6591400
2414618624,Shannon Danher,sdanher7j@hc360.com,sdanher7j@census.gov,1980-05-30,9170566
5179833635,Boyce Paice,bpaice7k@hc360.com,bpaice7k@cbc.ca,1991-11-03,6029829
4098041674,Consalve Wharf,cwharf7l@list-manage.com,cwharf7l@gravatar.com,1997-06-09,1933759
4480661684,Sven Padson,spadson7m@samsung.com,spadson7m@skyrock.com,1991-05-13,4157062
9978714519,Rici Bradborne,rbradborne7n@bloglovin.com,rbradborne7n@skyrock.com,1988-10-16,9989075
9283624202,Antonetta Thorius,athorius7o@nbcnews.com,athorius7o@artisteer.com,2007-08-16,9039341
8373158583,Ibby Greedier,igreedier7p@cnn.com,igreedier7p@chronoengine.com,1997-11-18,3789409
8561055991,Verena Delacourt,vdelacourt7q@opera.com,vdelacourt7q@techcrunch.com,1992-04-12,674939
4351569650,Ginger MacEntee,gmacentee7r@narod.ru,gmacentee7r@hao123.com,1982-06-12,9917535
7157798957,Hugibert Van Zon,hvan7s@eepurl.com,hvan7s@sourceforge.net,1980-08-09,1817696
3928319910,Erminia Merner,emerner7t@ovh.net,emerner7t@google.com.hk,1987-09-21,952448
5838656240,Maggee Prydie,mprydie7u@cornell.edu,mprydie7u@uiuc.edu,1997-06-09,3795552
8418863026,Oralla Roncelli,oroncelli7v@arizona.edu,oroncelli7v@sun.com,2016-12-09,9073529
4239001683,Brit Riveles,briveles7w@google.com,briveles7w@goodreads.com,2006-03-26,46452
3916664623,Bel Gibbett,bgibbett7x@wsj.com,bgibbett7x@amazon.com,1997-11-23,6827104
4629939936,Dyana Lathleiffure,dlathleiffure7y@ted.com,dlathleiffure7y@europa.eu,1985-05-19,3696339
2114264118,Lia Dussy,ldussy7z@barnesandnoble.com,ldussy7z@ovh.net,1988-06-13,2944959
6960721650,Darrin Mayes,dmayes80@pinterest.com,dmayes80@dell.com,2003-09-25,1282039
9826720922,Dennie Blankman,dblankman81@printfriendly.com,dblankman81@netvibes.com,2014-10-13,3916723
7939552564,Maressa Tregian,mtregian82@smh.com.au,mtregian82@springer.com,1987-10-23,3810250
4105427484,Penelope De Giorgio,pde83@cloudflare.com,pde83@google.cn,2016-04-07,537018
4881163666,Kenneth Lovick,klovick84@sbwire.com,klovick84@google.de,1988-03-20,7223915
3688124662,Perry Vasiljevic,pvasiljevic85@diigo.com,pvasiljevic85@sitemeter.com,1997-11-22,7383822
4223217813,Colin Masedon,cmasedon86@who.int,cmasedon86@disqus.com,2012-02-25,9199959
1992265810,Dora Durie,ddurie87@fda.gov,ddurie87@columbia.edu,2006-10-04,6413631
2243480403,Lynsey McIlhatton,lmcilhatton88@topsy.com,lmcilhatton88@angelfire.com,2017-03-20,6949652
2450788496,Muriel Sawdy,msawdy89@dailymotion.com,msawdy89@bravesites.com,2021-04-10,3461340
3563781871,Grange Joret,gjoret8a@gizmodo.com,gjoret8a@opera.com,1989-04-28,1466506
2856924778,Madelina Bunstone,mbunstone8b@ameblo.jp,mbunstone8b@wikia.com,1992-02-04,4363878
9555167588,Land Gerard,lgerard8c@ebay.co.uk,lgerard8c@ibm.com,1996-11-07,6355908
9130794910,Marvin Tilston,mtilston8d@cbc.ca,mtilston8d@example.com,1989-05-17,4313248
4377638691,Jobina Kem,jkem8e@rediff.com,jkem8e@furl.net,1987-12-24,3774081
4688392949,Chico Aird,caird8f@t.co,caird8f@theatlantic.com,2010-11-04,2044312
8993573119,Libby Wilsher,lwilsher8g@bbc.co.uk,lwilsher8g@census.gov,2009-06-01,8354461
3538949815,Valli Matula,vmatula8h@netvibes.com,vmatula8h@dropbox.com,1981-05-28,2711533
6092545806,Hilarius Farrand,hfarrand8i@hc360.com,hfarrand8i@moonfruit.com,2012-10-13,903371
7288532263,Sutherlan Cooksey,scooksey8j@xinhuanet.com,scooksey8j@upenn.edu,2006-02-24,5866764
5132513494,Bathsheba Dyshart,bdyshart8k@virginia.edu,bdyshart8k@rambler.ru,2002-08-23,3550159
6993112133,Jsandye Jirusek,jjirusek8l@microsoft.com,jjirusek8l@netlog.com,2018-06-08,3944968
1235269871,Ardelis Whicher,awhicher8m@lulu.com,awhicher8m@posterous.com,1990-09-04,3937416
8113899790,Wait Doorly,wdoorly8n@cnbc.com,wdoorly8n@qq.com,1985-11-07,7142346
7170281190,Antin Grewes,agrewes8o@guardian.co.uk,agrewes8o@hostgator.com,1989-11-03,414057
7370821581,Balduin Doblin,bdoblin8p@i2i.jp,bdoblin8p@etsy.com,2010-12-28,216898
7479163781,Finlay Selbie,fselbie8q@oaic.gov.au,fselbie8q@gnu.org,1993-08-26,8493652
7587619857,Hatty Crippes,hcrippes8r@wsj.com,hcrippes8r@w3.org,2009-09-06,9912434
7959125655,Garner Lendon,glendon8s@free.fr,glendon8s@bbb.org,2020-06-19,8814309
3781744849,Pearle Ibbott,pibbott8t@desdev.cn,pibbott8t@webnode.com,1993-08-04,5432036
8495040330,Chryste Giffen,cgiffen8u@cyberchimps.com,cgiffen8u@indiegogo.com,2005-07-16,9421013
1291938658,Maudie Wordley,mwordley8v@goodreads.com,mwordley8v@mapquest.com,2021-09-21,4710352
2139290818,Augustina Fraschetti,afraschetti8w@yale.edu,afraschetti8w@house.gov,1992-07-15,81527
9291360534,Bevan Kavanagh,bkavanagh8x@merriam-webster.com,bkavanagh8x@hubpages.com,2005-07-31,7438125
2112214782,Kyla Woodroof,kwoodroof8y@boston.com,kwoodroof8y@gnu.org,2007-03-04,1821725
1707082009,Tiphani Ravenscroftt,travenscroftt8z@wunderground.com,travenscroftt8z@google.nl,2019-03-12,6154820
8300988616,Leanor Winn,lwinn90@bluehost.com,lwinn90@delicious.com,1986-04-14,3673603
5430501657,Alvinia Clementet,aclementet91@senate.gov,aclementet91@issuu.com,2009-12-25,5265316
7107717792,Frances Varnals,fvarnals92@nih.gov,fvarnals92@cbslocal.com,2003-08-07,245001
9197630844,Rosalind Wind,rwind93@thetimes.co.uk,rwind93@istockphoto.com,1998-11-29,336402
2649566515,Jeanelle McVane,jmcvane94@adobe.com,jmcvane94@blogs.com,1989-12-17,1737877
4806587048,Giulia Ventom,gventom95@stumbleupon.com,gventom95@etsy.com,2009-06-02,579507
2171087911,Alyse Sawrey,asawrey96@hugedomains.com,asawrey96@cbsnews.com,2018-03-10,3400400
5012645286,Hazel Girardini,hgirardini97@hugedomains.com,hgirardini97@live.com,2010-08-15,9998373
5308558843,Kimberlyn Widdowfield,kwiddowfield98@weibo.com,kwiddowfield98@apple.com,2009-03-20,7586707
6082313175,Rolf Sanger,rsanger99@ucsd.edu,rsanger99@blog.com,1985-10-15,7054182
3738797977,Odelinda Blakeway,oblakeway9a@etsy.com,oblakeway9a@ed.gov,1988-01-24,76579
9362898586,Kurtis Mackin,kmackin9b@wordpress.org,kmackin9b@jalbum.net,2020-01-21,8419765
2374501357,Sayer Rettie,srettie9c@amazon.co.uk,srettie9c@php.net,2002-06-02,6781239
3472233968,Lila Rawlison,lrawlison9d@tumblr.com,lrawlison9d@wp.com,2002-06-23,7579910
7982098248,Adham Handy,ahandy9e@europa.eu,ahandy9e@ustream.tv,1996-09-15,3434475
8875586825,Isiahi Gostyke,igostyke9f@soup.io,igostyke9f@elegantthemes.com,2009-07-09,3138565
4290252035,Karlens Eblein,keblein9g@unicef.org,keblein9g@apache.org,1988-08-27,6137017
6476294110,Hester Elvish,helvish9h@comsenz.com,helvish9h@php.net,2004-02-13,8140914
9741436052,Tirrell Ollis,tollis9i@bluehost.com,tollis9i@gnu.org,2007-08-27,6630374
9910127956,Onida Mewett,omewett9j@jimdo.com,omewett9j@sciencedirect.com,2010-04-28,9550904
5263861744,Ogdon Noto,onoto9k@dyndns.org,onoto9k@pbs.org,2001-08-05,6042243
3013880555,Golda Maiklem,gmaiklem9l@ibm.com,gmaiklem9l@technorati.com,2007-03-12,3674360
4749098888,Flo Spick,fspick9m@chronoengine.com,fspick9m@mit.edu,2005-05-14,7672401
1844458782,Mireille Sorton,msorton9n@tripod.com,msorton9n@paypal.com,2015-07-27,8482161
6594205231,Mureil Ray,mray9o@japanpost.jp,mray9o@skype.com,2011-08-10,8053271
8209382998,Concordia Scapens,cscapens9p@histats.com,cscapens9p@google.it,2016-07-09,5319641
5303457888,Gussi Taffley,gtaffley9q@sphinn.com,gtaffley9q@indiatimes.com,1992-04-24,9782182
4508086790,Dee dee Ivatt,ddee9r@telegraph.co.uk,ddee9r@a8.net,1985-01-17,3888788
5325818036,Herbie Sinnett,hsinnett9s@acquirethisname.com,hsinnett9s@prlog.org,1989-01-20,5665559
3436049183,Arliene Redmile,aredmile9t@telegraph.co.uk,aredmile9t@cdbaby.com,1992-04-02,9035426
8528248749,Kit Pocknoll,kpocknoll9u@wix.com,kpocknoll9u@marriott.com,1987-05-29,7025905
4940657238,Christiano Greatex,cgreatex9v@jimdo.com,cgreatex9v@unc.edu,2017-09-05,1303973
3210756150,Natale McCombe,nmccombe9w@ted.com,nmccombe9w@sitemeter.com,2007-11-02,4710186
8622372367,Nowell Locks,nlocks9x@answers.com,nlocks9x@technorati.com,2002-10-04,6895663
1468127136,Stevena Spires,sspires9y@hostgator.com,sspires9y@taobao.com,1990-03-12,3615851
1983624572,Muhammad Leifer,mleifer9z@webs.com,mleifer9z@so-net.ne.jp,2012-09-29,8190713
3881950067,Karie D'Ambrogio,kdambrogioa0@jalbum.net,kdambrogioa0@admin.ch,1988-07-16,787927
1950393706,Tom Baake,tbaakea1@mayoclinic.com,tbaakea1@miitbeian.gov.cn,1994-09-13,2239537
4623620732,Jayme Wade,jwadea2@myspace.com,jwadea2@skype.com,1981-07-16,6558954
7605893176,Riley Ashness,rashnessa3@mashable.com,rashnessa3@trellian.com,2009-11-02,1275566
4025222164,Tulley McNutt,tmcnutta4@pen.io,tmcnutta4@hao123.com,2017-01-09,7877476
3836985735,Mace Ortes,mortesa5@wordpress.com,mortesa5@hugedomains.com,2001-06-09,7581420
7165009882,Dorette Treneman,dtrenemana6@reddit.com,dtrenemana6@diigo.com,1995-12-28,219106
9133784104,Elmer Relton,ereltona7@yandex.ru,ereltona7@miitbeian.gov.cn,1982-04-09,2950091
7309288627,Lyle Dabbs,ldabbsa8@washington.edu,ldabbsa8@cornell.edu,2018-07-11,5551959
8274314777,Ronnica Vsanelli,rvsanellia9@barnesandnoble.com,rvsanellia9@moonfruit.com,1999-01-09,6685516
8390834593,Robena Rackstraw,rrackstrawaa@prweb.com,rrackstrawaa@huffingtonpost.com,2002-11-15,8108406
9934524306,Trixi Carlson,tcarlsonab@indiegogo.com,tcarlsonab@gmpg.org,1999-09-03,4212448
3805121120,Ford Garbutt,fgarbuttac@posterous.com,fgarbuttac@statcounter.com,2008-11-03,3036486
2684272479,Aurore Bewlay,abewlayad@psu.edu,abewlayad@weibo.com,1982-12-16,9850397
5144464643,Esteban Oldacre,eoldacreae@wunderground.com,eoldacreae@mlb.com,1987-04-22,4158495
1224440727,Eadith Andrivot,eandrivotaf@yahoo.com,eandrivotaf@addtoany.com,1996-01-31,3471960
5493009862,Shelli Mildmott,smildmottag@deviantart.com,smildmottag@people.com.cn,1996-04-21,6988765
5977389093,Lisha Rawsen,lrawsenah@reverbnation.com,lrawsenah@weebly.com,2016-10-20,401157
1148157079,Boony Groves,bgrovesai@freewebs.com,bgrovesai@360.cn,2020-12-12,8891948
2867594125,Angelica Brotherheed,abrotherheedaj@miitbeian.gov.cn,abrotherheedaj@geocities.com,2012-06-17,640707
2384675017,Olly Wardall,owardallak@deviantart.com,owardallak@cdc.gov,2005-11-23,6535039
2232513078,Decca Greste,dgresteal@forbes.com,dgresteal@cloudflare.com,2004-12-29,14272
7794819905,Rutger Bolle,rbolleam@umich.edu,rbolleam@linkedin.com,1987-11-10,9389348
4137857317,Julianna Scarce,jscarcean@ifeng.com,jscarcean@ucla.edu,2007-02-27,8871629
9434459913,Kinna Cable,kcableao@last.fm,kcableao@ustream.tv,2020-03-23,4389685
1777581058,Wheeler Shoutt,wshouttap@google.com.au,wshouttap@chronoengine.com,1989-02-17,5286178
7806368558,Radcliffe Arons,raronsaq@nymag.com,raronsaq@state.tx.us,1985-08-31,5810276
9091504182,Gardener Muggleston,gmugglestonar@seattletimes.com,gmugglestonar@forbes.com,1984-06-08,5270951
7186435635,Yovonnda Stoate,ystoateas@linkedin.com,ystoateas@spotify.com,2003-11-20,6381439
8162568321,Georas Ridolfi,gridolfiat@apple.com,gridolfiat@webeden.co.uk,2013-08-05,3622390
2690387875,Welbie Berringer,wberringerau@usnews.com,wberringerau@youtube.com,2003-03-15,7056585
2774927667,Wald Hardin,whardinav@umich.edu,whardinav@pcworld.com,2005-05-11,2958557
9558018910,Angeli Doble,adobleaw@aol.com,adobleaw@netlog.com,2003-09-08,2661632
1341173358,Charita Opdenort,copdenortax@yellowbook.com,copdenortax@businesswire.com,2020-03-10,2138699
4562095554,Meade Gravenor,mgravenoray@dyndns.org,mgravenoray@linkedin.com,1991-03-30,3993326
2537360156,Avis Fozard,afozardaz@npr.org,afozardaz@youku.com,2006-08-12,4257523
8088617500,Kirsti Vasse,kvasseb0@house.gov,kvasseb0@state.gov,1991-11-28,5171737
2513208080,Gawen Wheeliker,gwheelikerb1@salon.com,gwheelikerb1@bloglovin.com,2021-05-04,258236
7228406382,Emmaline Pridden,epriddenb2@wufoo.com,epriddenb2@hhs.gov,1997-09-21,5022345
8944939347,Griz MacAlpin,gmacalpinb3@plala.or.jp,gmacalpinb3@netscape.com,1999-08-21,8237691
7939087179,Lani Winchurst,lwinchurstb4@fda.gov,lwinchurstb4@about.me,2002-03-02,5270210
5121551432,Mendy Le Bosse,mleb5@spotify.com,mleb5@t.co,2007-08-25,7478152
5293388780,Rutherford Jammes,rjammesb6@vistaprint.com,rjammesb6@cisco.com,1997-05-14,5028878
4657533558,Lanny Steinson,lsteinsonb7@flickr.com,lsteinsonb7@shop-pro.jp,2006-12-10,2127850
2932971621,Ollie Gunn,ogunnb8@discuz.net,ogunnb8@hud.gov,2002-01-21,1425974
8566089706,Beale Ciccottini,bciccottinib9@walmart.com,bciccottinib9@va.gov,2022-03-15,7550207
4029526908,Carlyn Hove,choveba@japanpost.jp,choveba@stumbleupon.com,2002-05-11,1800376
9415498246,Jerome Coxhell,jcoxhellbb@noaa.gov,jcoxhellbb@noaa.gov,2009-05-24,4759092
1243926657,Bernetta Houndsom,bhoundsombc@unc.edu,bhoundsombc@google.com.hk,2003-08-30,4644206
1234664726,Karlotta Tamsett,ktamsettbd@shinystat.com,ktamsettbd@devhub.com,1987-10-23,7424055
5917532653,Laughton Heber,lheberbe@creativecommons.org,lheberbe@hexun.com,1983-11-06,965849
6896708850,Zachary McFie,zmcfiebf@lycos.com,zmcfiebf@epa.gov,1983-08-21,9300488
4947635980,Rae Stanlake,rstanlakebg@topsy.com,rstanlakebg@networksolutions.com,2011-08-28,1053824
4297555217,Coraline Verny,cvernybh@cornell.edu,cvernybh@themeforest.net,2007-12-23,9678699
8717703599,Germayne Crankshaw,gcrankshawbi@slashdot.org,gcrankshawbi@opensource.org,2006-11-04,1291272
8794179282,Helen Normant,hnormantbj@bloomberg.com,hnormantbj@shutterfly.com,2020-03-07,5373139
3954315401,Mureil Pawlick,mpawlickbk@google.com.br,mpawlickbk@soup.io,2009-02-03,4034406
6092419105,Jacqui Morad,jmoradbl@gizmodo.com,jmoradbl@wisc.edu,2018-09-21,5410220
4044640949,Bettine Gookey,bgookeybm@who.int,bgookeybm@slate.com,1986-03-31,4563234
8621290247,Cristina Arnot,carnotbn@fastcompany.com,carnotbn@princeton.edu,2015-12-14,3658826
7219330773,Lin Gildroy,lgildroybo@addthis.com,lgildroybo@house.gov,2018-04-08,8763599
2486679474,Caressa Lowthian,clowthianbp@fastcompany.com,clowthianbp@wikimedia.org,2012-09-07,9454206
9649229964,Berke Geharke,bgeharkebq@howstuffworks.com,bgeharkebq@vinaora.com,1991-08-31,8033596
2761186558,Valery Poppleton,vpoppletonbr@jimdo.com,vpoppletonbr@ustream.tv,1990-03-07,1654830
6062025990,Leora Mixworthy,lmixworthybs@examiner.com,lmixworthybs@youku.com,2013-07-03,8255207
7699100997,Doroteya Sugden,dsugdenbt@goo.gl,dsugdenbt@si.edu,1998-04-17,1884250
8547759544,Alonzo Madge,amadgebu@umich.edu,amadgebu@amazon.co.jp,2018-07-15,788376
3928948452,Annabelle Timmens,atimmensbv@constantcontact.com,atimmensbv@miitbeian.gov.cn,2010-09-17,8412009
1328354364,Alphonse Whickman,awhickmanbw@plala.or.jp,awhickmanbw@scientificamerican.com,1992-08-30,3511301
8559448084,Harlie Raithmill,hraithmillbx@chronoengine.com,hraithmillbx@bing.com,2003-10-25,816050
9615631963,Lilias Goldthorpe,lgoldthorpeby@state.gov,lgoldthorpeby@epa.gov,2017-07-13,2005177
9224449829,Sandro Walbridge,swalbridgebz@wordpress.com,swalbridgebz@wp.com,1982-12-13,4807209
4466834328,Caty Matantsev,cmatantsevc0@whitehouse.gov,cmatantsevc0@sohu.com,1996-03-18,4936172
2053620527,Evelyn Genders,egendersc1@yellowpages.com,egendersc1@aol.com,2020-02-10,7631726
1776257408,Rob Kighly,rkighlyc2@blogtalkradio.com,rkighlyc2@devhub.com,1997-03-30,4386588
7389249203,Jessalin Basnall,jbasnallc3@wordpress.com,jbasnallc3@mayoclinic.com,1995-10-29,3641918
3251753332,Tiertza Adam,tadamc4@aol.com,tadamc4@gov.uk,2011-01-27,9954195
9906257221,Gwendolyn Dummer,gdummerc5@rakuten.co.jp,gdummerc5@irs.gov,1981-02-24,1710049
9959429912,Gretel Cullity,gcullityc6@theglobeandmail.com,gcullityc6@sciencedaily.com,1993-01-17,3800713
5854818889,Julina Cianni,jciannic7@de.vu,jciannic7@surveymonkey.com,2011-01-15,3910487
5874040980,Drew Ridsdale,dridsdalec8@aol.com,dridsdalec8@shutterfly.com,1994-08-27,6699690
9200552162,Kathy Rolfe,krolfec9@utexas.edu,krolfec9@mayoclinic.com,1982-01-13,3918760
9454516697,Iago Stanistreet,istanistreetca@patch.com,istanistreetca@devhub.com,2003-12-14,2114487
8037046981,Cindee Pourveer,cpourveercb@nymag.com,cpourveercb@hud.gov,2021-03-31,1401331
4547637691,Britt Farlambe,bfarlambecc@apache.org,bfarlambecc@dyndns.org,2004-06-27,4195835
4573023479,Ulrike Hugli,uhuglicd@dailymotion.com,uhuglicd@comsenz.com,2012-08-14,4038756
8565452248,Patricia Templeman,ptemplemance@pen.io,ptemplemance@hatena.ne.jp,1986-04-13,1953297
5286409993,Reinald Simanenko,rsimanenkocf@epa.gov,rsimanenkocf@gmpg.org,2009-06-22,5291398
1421779366,Milt Chelnam,mchelnamcg@dyndns.org,mchelnamcg@devhub.com,1986-02-13,7680138
1052097777,Fowler Freear,ffreearch@unicef.org,ffreearch@1688.com,2017-01-22,1201256
2754220246,Pooh Minchindon,pminchindonci@mac.com,pminchindonci@census.gov,1984-07-22,4761173
6355422965,Jammal Clash,jclashcj@gmpg.org,jclashcj@live.com,1995-01-10,4221624
9304698371,Mindy Matskiv,mmatskivck@about.com,mmatskivck@vimeo.com,2021-07-02,5076523
8673047122,Tracie Haverty,thavertycl@photobucket.com,thavertycl@rambler.ru,1980-11-20,7486840
9757300512,Prentiss Thame,pthamecm@jigsy.com,pthamecm@latimes.com,2019-09-20,7475505
8285333601,Marla Wingeatt,mwingeattcn@gov.uk,mwingeattcn@comsenz.com,1992-07-19,9938851
2277467307,Flor Godlee,fgodleeco@desdev.cn,fgodleeco@who.int,1992-06-18,4601215
6534905990,Valle Sitch,vsitchcp@cloudflare.com,vsitchcp@1688.com,2010-09-06,5910912
1663302855,Lewes Gosenell,lgosenellcq@sakura.ne.jp,lgosenellcq@cloudflare.com,1986-06-06,8524781
5454517996,Stacey Odhams,sodhamscr@ucoz.ru,sodhamscr@java.com,2012-05-26,2976642
3258145553,Ginevra Spellicy,gspellicycs@japanpost.jp,gspellicycs@mtv.com,2018-12-13,7061479
6089072394,Wolfy Trigg,wtriggct@over-blog.com,wtriggct@stanford.edu,1980-03-22,7784693
1416101036,Ty Davids,tdavidscu@bigcartel.com,tdavidscu@ebay.co.uk,1984-12-17,5552064
6168390637,Urban Kilborn,ukilborncv@wunderground.com,ukilborncv@amazon.com,1992-04-15,6934957
4459328054,Lesli Penman,lpenmancw@aol.com,lpenmancw@google.co.jp,1989-10-19,5589915
1954457964,Alessandra Hayter,ahaytercx@house.gov,ahaytercx@posterous.com,2003-07-19,3177010
2106639321,Jarrad Steuart,jsteuartcy@berkeley.edu,jsteuartcy@cdbaby.com,1986-01-05,189603
2282044658,Carrissa Pietruszka,cpietruszkacz@biblegateway.com,cpietruszkacz@alexa.com,2015-12-30,5662213
8729746428,Quillan Kingman,qkingmand0@umn.edu,qkingmand0@amazon.com,2015-04-30,5496434
5728111631,Sergei Shropshire,sshropshired1@pcworld.com,sshropshired1@google.de,1980-02-21,7667163
1951953499,Barron Duling,bdulingd2@rambler.ru,bdulingd2@time.com,2003-02-25,8017258
7386439494,Ardyce Conan,aconand3@friendfeed.com,aconand3@ftc.gov,2019-04-27,2636747
4179648178,Nonie Etches,netchesd4@tamu.edu,netchesd4@studiopress.com,2019-10-22,636089
8458889143,Pembroke Meacher,pmeacherd5@senate.gov,pmeacherd5@posterous.com,2016-02-23,4376951
4135959928,Tresa Haxbie,thaxbied6@auda.org.au,thaxbied6@usa.gov,2013-01-21,1240923
3799808148,Corey Delaney,cdelaneyd7@samsung.com,cdelaneyd7@fastcompany.com,1987-10-14,6373138
7557615350,Sondra Linnane,slinnaned8@lulu.com,slinnaned8@google.de,2013-04-19,1509111
1880882146,Loren Semper,lsemperd9@indiatimes.com,lsemperd9@cmu.edu,1997-07-11,1047057
4952189592,Tandi Stubbington,tstubbingtonda@xrea.com,tstubbingtonda@unesco.org,1983-01-06,970870
3729175122,Sindee Lockhurst,slockhurstdb@bizjournals.com,slockhurstdb@wordpress.com,1987-06-25,5184124
4796927195,Darren Ludewig,dludewigdc@wordpress.org,dludewigdc@e-recht24.de,1980-03-25,9268036
9749739422,Dolph Jonsson,djonssondd@jiathis.com,djonssondd@redcross.org,1998-05-23,8824984
4276686234,Pammie Sarton,psartonde@cnbc.com,psartonde@walmart.com,2014-06-19,2708568
9997089855,Randy Pellant,rpellantdf@360.cn,rpellantdf@baidu.com,2012-08-15,6850987
7412862791,Lek Shiel,lshieldg@alibaba.com,lshieldg@marriott.com,2015-01-23,3030415
4809775202,Jacquetta Tanti,jtantidh@google.co.jp,jtantidh@cisco.com,1985-08-09,5842817
2156758884,Gussie Walton,gwaltondi@nasa.gov,gwaltondi@amazon.com,1989-12-23,8179732
5669600046,Patsy Merida,pmeridadj@netscape.com,pmeridadj@lulu.com,1999-05-12,4077941
9984075883,Lula Quillinane,lquillinanedk@weebly.com,lquillinanedk@cisco.com,2009-08-02,7180686
8887355546,Evan Huey,ehueydl@addthis.com,ehueydl@prnewswire.com,2015-11-09,163350
9201782950,Leila Champniss,lchampnissdm@baidu.com,lchampnissdm@cyberchimps.com,2000-11-05,1926267
6369475003,Lucias MacCurtain,lmaccurtaindn@dailymail.co.uk,lmaccurtaindn@posterous.com,1983-05-09,6648558
1156221020,Cary Kemshell,ckemshelldo@marketwatch.com,ckemshelldo@wordpress.org,1985-08-31,6636427
2287775563,Ethyl Pitchers,epitchersdp@twitter.com,epitchersdp@bizjournals.com,1981-10-09,8427558
9759416472,Debbie Brighouse,dbrighousedq@deviantart.com,dbrighousedq@statcounter.com,2003-10-08,1027880
6619796114,Barron Kobpa,bkobpadr@wordpress.org,bkobpadr@cnbc.com,2014-12-31,6679758
5852889137,Theodore Penquet,tpenquetds@unicef.org,tpenquetds@purevolume.com,2017-11-05,3789490
2207306402,Joshuah Tippin,jtippindt@newyorker.com,jtippindt@e-recht24.de,1996-07-01,1487914
7680257537,Barnard Matzaitis,bmatzaitisdu@vinaora.com,bmatzaitisdu@nih.gov,1988-09-24,8453045
2293000757,Garvy Carlon,gcarlondv@yale.edu,gcarlondv@tuttocitta.it,2021-06-04,2716039
1584717028,Barbra Huyhton,bhuyhtondw@ask.com,bhuyhtondw@youtube.com,2014-06-06,7367371
6983738348,Dru Smedmore,dsmedmoredx@sciencedirect.com,dsmedmoredx@webs.com,1988-12-02,1527941
8334654127,Gilles Hourihane,ghourihanedy@bigcartel.com,ghourihanedy@hexun.com,2000-08-02,1299039
3832274323,Rebe MacKibbon,rmackibbondz@themeforest.net,rmackibbondz@kickstarter.com,2002-07-05,9081060
2835079263,Staford Titcombe,stitcombee0@bravesites.com,stitcombee0@weibo.com,2003-02-06,7235173
7724119432,Shirleen Alyonov,salyonove1@aboutads.info,salyonove1@plala.or.jp,2015-03-22,5931298
3304731837,Vera Karus,vkaruse2@spotify.com,vkaruse2@sciencedirect.com,1997-06-22,4330057
3458166161,Kathrine Scoyne,kscoynee3@google.fr,kscoynee3@time.com,2021-04-03,3795610
3607551577,Marcos O'Calleran,mocallerane4@businesswire.com,mocallerane4@surveymonkey.com,1987-05-12,9177922
1464512350,Olga Koche,okochee5@wikipedia.org,okochee5@opera.com,2002-03-12,284152
1414076534,Retha Althrop,ralthrope6@addtoany.com,ralthrope6@princeton.edu,2018-05-01,1132007
3292185904,Anallise Kibbee,akibbeee7@bloomberg.com,akibbeee7@ask.com,2001-05-15,1759474
3164156793,Hasheem Hancox,hhancoxe8@zdnet.com,hhancoxe8@amazon.co.jp,2017-10-20,7959453
6727616861,Richard Hanburry,rhanburrye9@vinaora.com,rhanburrye9@tripadvisor.com,1997-02-21,8658455
4930744371,Gayel Belison,gbelisonea@php.net,gbelisonea@sun.com,2012-05-25,5413703
2400809921,Benjie Kalinowsky,bkalinowskyeb@senate.gov,bkalinowskyeb@vk.com,1989-10-13,6853042
1555977666,Lindsey Hughlock,lhughlockec@tmall.com,lhughlockec@chron.com,2018-02-03,5472213
4658881568,Oren Capell,ocapelled@plala.or.jp,ocapelled@walmart.com,1996-12-10,709358
2624805885,Brett Spencook,bspencookee@tinypic.com,bspencookee@google.com.br,2002-09-02,3060308
4426989559,Stephenie Capaldi,scapaldief@cdc.gov,scapaldief@4shared.com,1991-03-31,5895654
4075131596,Richardo Whinney,rwhinneyeg@ameblo.jp,rwhinneyeg@bing.com,1992-01-03,3754900
9516941934,Halsy Damrell,hdamrelleh@skype.com,hdamrelleh@ebay.co.uk,2018-05-16,4848319
4783123625,Sander Quilliam,squilliamei@technorati.com,squilliamei@mit.edu,2016-10-03,2855477
5153225950,Analiese Twede,atwedeej@java.com,atwedeej@squidoo.com,2011-08-11,3389497
1276500068,Douglas Pelling,dpellingek@intel.com,dpellingek@utexas.edu,1984-06-18,6274295
2143110344,Shawna Arbor,sarborel@blogs.com,sarborel@phoca.cz,1999-02-05,7364591
6546159052,Ciro Cooley,ccooleyem@marketwatch.com,ccooleyem@google.pl,1986-10-27,2671573
9174932350,Mellisent Marczyk,mmarczyken@wufoo.com,mmarczyken@imdb.com,2021-09-20,5169005
8243472820,Tiff Broadbere,tbroadbereeo@xrea.com,tbroadbereeo@dyndns.org,1982-03-20,2700300
5405084364,Carolan Oby,cobyep@unesco.org,cobyep@oracle.com,2002-02-08,5872757
8009988890,Orville Sivil,osivileq@sciencedaily.com,osivileq@reverbnation.com,1991-08-01,8185977
3946514515,Raf Olivia,roliviaer@feedburner.com,roliviaer@ow.ly,2012-07-22,58880
3819311075,Stefano Stainland,sstainlandes@sbwire.com,sstainlandes@tripadvisor.com,1995-04-15,2212726
1639119554,Davita Keymer,dkeymeret@usa.gov,dkeymeret@arstechnica.com,1991-06-01,2977433
9585250110,Donnajean Finlater,dfinlatereu@a8.net,dfinlatereu@state.gov,2015-08-07,7009978
6174379992,Vina Tomadoni,vtomadoniev@buzzfeed.com,vtomadoniev@tinypic.com,2011-10-29,9544298
7220183434,Hubert Medwell,hmedwellew@360.cn,hmedwellew@indiegogo.com,2015-01-10,122008
8788359550,Gui Fegan,gfeganex@tuttocitta.it,gfeganex@hhs.gov,2019-07-09,6689327
1083158957,Gay Mintoff,gmintoffey@unblog.fr,gmintoffey@theatlantic.com,1990-06-21,9159518
7575671997,Rebe Cornilleau,rcornilleauez@cloudflare.com,rcornilleauez@stumbleupon.com,2010-07-25,1454575
5618853422,Valeria McArthur,vmcarthurf0@nifty.com,vmcarthurf0@hexun.com,1990-06-14,6672239
7022934771,Odette Chance,ochancef1@toplist.cz,ochancef1@netlog.com,2007-12-13,4848767
9197870332,Dom Guisler,dguislerf2@thetimes.co.uk,dguislerf2@lycos.com,1991-12-24,3560739
5942481200,Glennie Niven,gnivenf3@yale.edu,gnivenf3@ebay.co.uk,2007-08-04,8297581
9872085234,Ede Wardhough,ewardhoughf4@aboutads.info,ewardhoughf4@ehow.com,2010-04-19,8371438
6640610246,Faun Dagworthy,fdagworthyf5@usda.gov,fdagworthyf5@techcrunch.com,2000-04-28,4175943
6275994921,Anstice Wadsworth,awadsworthf6@example.com,awadsworthf6@technorati.com,2005-03-29,8722512
4010013688,Doloritas Zini,dzinif7@cam.ac.uk,dzinif7@bravesites.com,2015-04-09,4716514
1749145566,Ilsa Flieg,ifliegf8@loc.gov,ifliegf8@skyrock.com,2018-12-15,6074312
6511534528,Trey Cottis,tcottisf9@time.com,tcottisf9@ed.gov,2001-02-27,9611996
9541599642,Ansley Townson,atownsonfa@acquirethisname.com,atownsonfa@prnewswire.com,2006-01-07,6951351
6658164883,Ailey Martellini,amartellinifb@domainmarket.com,amartellinifb@springer.com,1999-06-28,5880846
5638157225,Harlie Nezey,hnezeyfc@bigcartel.com,hnezeyfc@delicious.com,1999-04-13,1806643
9583377772,Alyss Geeritz,ageeritzfd@nasa.gov,ageeritzfd@lycos.com,2000-04-22,6879038
9953380720,Hetty Wellfare,hwellfarefe@wiley.com,hwellfarefe@privacy.gov.au,1981-10-24,5327320
4179587778,Godfry Newlove,gnewloveff@stanford.edu,gnewloveff@facebook.com,2010-04-23,2509840
1020409098,Germaine Durn,gdurnfg@wsj.com,gdurnfg@ning.com,2006-12-13,4902941
6438987846,Wayne Routham,wrouthamfh@fc2.com,wrouthamfh@usgs.gov,2009-12-27,9394178
6985483702,Waneta Kenrack,wkenrackfi@list-manage.com,wkenrackfi@spotify.com,2017-07-10,6068285
2878445956,Engracia Lobb,elobbfj@ca.gov,elobbfj@hugedomains.com,2006-03-22,2939944
7154110578,Griffin Ruspine,gruspinefk@wufoo.com,gruspinefk@slate.com,1993-08-15,8089761
7618114973,Keene Curnnok,kcurnnokfl@ox.ac.uk,kcurnnokfl@noaa.gov,1994-10-20,9790929
7878129474,Anthea Cours,acoursfm@adobe.com,acoursfm@businessinsider.com,1985-10-13,3609859
3546115578,Natty Roadnight,nroadnightfn@bluehost.com,nroadnightfn@sbwire.com,2017-10-09,1057490
3273679317,Leighton Jorden,ljordenfo@narod.ru,ljordenfo@cloudflare.com,2013-03-19,8237426
5548987894,Othilie Bawden,obawdenfp@youku.com,obawdenfp@ovh.net,1989-06-21,789163
7522574335,Romeo Delap,rdelapfq@gravatar.com,rdelapfq@com.com,1987-02-21,5047646
2764449800,Amalita Geldart,ageldartfr@youtube.com,ageldartfr@trellian.com,2000-02-24,2700574
7344229406,Maryl Lammerich,mlammerichfs@elpais.com,mlammerichfs@sciencedaily.com,2014-10-15,9583901
3180586343,Rebekah Pruckner,rprucknerft@ow.ly,rprucknerft@webeden.co.uk,1994-06-30,8037791
8410088230,Cosette Dalwood,cdalwoodfu@tripadvisor.com,cdalwoodfu@list-manage.com,2017-07-13,3193358
7400484761,Daven Sammon,dsammonfv@springer.com,dsammonfv@posterous.com,2002-06-05,2176464
6754038015,Abelard Lasselle,alassellefw@indiegogo.com,alassellefw@sina.com.cn,1988-12-10,6502100
3277139291,Barclay Auletta,baulettafx@paypal.com,baulettafx@studiopress.com,2015-12-19,5906427
5707607382,Gilbertine Jirzik,gjirzikfy@amazon.de,gjirzikfy@yahoo.com,1997-06-21,7198860
6047389533,Patton Hakes,phakesfz@senate.gov,phakesfz@networkadvertising.org,2006-07-23,9867241
1697417925,Donnamarie Rawne,drawneg0@zimbio.com,drawneg0@scientificamerican.com,1987-10-31,3192789
2882132792,Laryssa Fauguel,lfauguelg1@unicef.org,lfauguelg1@issuu.com,2002-12-30,3193716
3769998284,Viviene Probetts,vprobettsg2@ted.com,vprobettsg2@va.gov,1981-05-11,8105884
8785933324,Chicky Mylchreest,cmylchreestg3@furl.net,cmylchreestg3@wix.com,2018-08-21,7495668
1579619593,Lizbeth Marryatt,lmarryattg4@phpbb.com,lmarryattg4@marketwatch.com,1983-12-27,6756205
3372215320,Ashton Vallens,avallensg5@constantcontact.com,avallensg5@accuweather.com,1985-08-05,6835628
3656105509,Abdul Fransoni,afransonig6@bbc.co.uk,afransonig6@boston.com,2000-07-08,7889292
8100650785,Giff Sodor,gsodorg7@zdnet.com,gsodorg7@ucoz.ru,2017-01-28,6471261
5210191218,Dena Rushbrooke,drushbrookeg8@mayoclinic.com,drushbrookeg8@shinystat.com,1996-06-30,1233614
1334802078,Willdon Farherty,wfarhertyg9@creativecommons.org,wfarhertyg9@amazon.co.jp,2002-01-11,1353064
6641243350,Gabriela Sly,gslyga@timesonline.co.uk,gslyga@scientificamerican.com,2019-11-22,6078152
8398620222,Kesley Prichard,kprichardgb@multiply.com,kprichardgb@yellowbook.com,1989-11-19,2959789
5306172592,Elonore Heisham,eheishamgc@cpanel.net,eheishamgc@nature.com,2008-10-27,7988067
9628473740,Ludvig Whybray,lwhybraygd@shutterfly.com,lwhybraygd@amazon.de,2010-04-06,5897586
1545629426,Harrison Hurn,hhurnge@google.es,hhurnge@europa.eu,1985-12-07,1117079
7983347315,Florina Ould,fouldgf@friendfeed.com,fouldgf@usgs.gov,1989-05-24,4744298
9948401388,Bernadina McNirlan,bmcnirlangg@a8.net,bmcnirlangg@wunderground.com,1993-12-09,438714
8371045743,Karia Duester,kduestergh@ifeng.com,kduestergh@usda.gov,1980-09-14,9278260
2973929758,Vasili Tillot,vtillotgi@columbia.edu,vtillotgi@miitbeian.gov.cn,2008-04-07,1546643
4880511550,Brianne Darlow,bdarlowgj@sourceforge.net,bdarlowgj@liveinternet.ru,1989-01-18,7100368
7808019958,Marci Reyburn,mreyburngk@unc.edu,mreyburngk@auda.org.au,2008-09-08,462236
7038530633,Renelle MacAnellye,rmacanellyegl@unblog.fr,rmacanellyegl@bloglovin.com,1991-09-20,7558244
9030701206,Verne Gallardo,vgallardogm@paypal.com,vgallardogm@ihg.com,2006-05-03,2733962
5930595973,Alexandros Gallimore,agallimoregn@bing.com,agallimoregn@odnoklassniki.ru,1995-12-26,4094663
2062700620,Brigitte Confort,bconfortgo@stanford.edu,bconfortgo@home.pl,1987-02-05,9246657
6764399066,Cazzie Cristoferi,ccristoferigp@dailymail.co.uk,ccristoferigp@salon.com,2013-02-21,8451233
5208081717,Marianne Ladbury,mladburygq@cmu.edu,mladburygq@google.pl,1986-08-31,2200018
1851357898,Radcliffe Hurdman,rhurdmangr@cbc.ca,rhurdmangr@intel.com,1984-11-13,6666202
6787205703,Teresina Menguy,tmenguygs@reference.com,tmenguygs@sun.com,1981-06-30,2243403
7775334561,Guillema Brashaw,gbrashawgt@oaic.gov.au,gbrashawgt@google.it,2019-11-17,7320625
5086835674,Penn Cicerone,pciceronegu@state.gov,pciceronegu@issuu.com,2013-11-08,2485259
3749770549,Donielle Ricoald,dricoaldgv@vimeo.com,dricoaldgv@google.de,2017-09-29,4121997
8129842242,Joyce Demanche,jdemanchegw@rambler.ru,jdemanchegw@jalbum.net,2021-07-15,4945766
3286455135,Mame Riseborough,mriseboroughgx@shareasale.com,mriseboroughgx@howstuffworks.com,2005-11-14,9772227
1773333358,Florida Branwhite,fbranwhitegy@instagram.com,fbranwhitegy@ibm.com,2018-04-19,4779472
9737209201,Jessey Casale,jcasalegz@umich.edu,jcasalegz@vkontakte.ru,1984-02-15,2123987
4861906875,Chane Kinig,ckinigh0@live.com,ckinigh0@slashdot.org,2021-07-10,8438359
4629798836,Jessie Colly,jcollyh1@amazon.co.jp,jcollyh1@netlog.com,2006-07-19,4060019
9144386488,Hilton Dangerfield,hdangerfieldh2@cdc.gov,hdangerfieldh2@ehow.com,1989-09-16,4338321
6400517842,Myrtie Ruzic,mruzich3@icio.us,mruzich3@sohu.com,1982-11-04,6311883
9208060992,Konstance Rowesby,krowesbyh4@w3.org,krowesbyh4@goodreads.com,2017-11-13,4266766
3728349796,Cariotta Inott,cinotth5@theguardian.com,cinotth5@weather.com,2011-04-16,6428626
6864764984,Jacques Probey,jprobeyh6@cnet.com,jprobeyh6@aol.com,2021-02-01,4346579
9068355462,Jania Connick,jconnickh7@google.ca,jconnickh7@instagram.com,2018-01-23,9216116
3012885585,Pepita Foxen,pfoxenh8@eventbrite.com,pfoxenh8@timesonline.co.uk,1992-01-13,9729576
7836737250,Garald Colquyte,gcolquyteh9@hostgator.com,gcolquyteh9@va.gov,2014-11-25,380524
1276833577,Orrin Morforth,omorforthha@noaa.gov,omorforthha@geocities.com,2021-10-07,7803761
2268751965,Moshe Graber,mgraberhb@g.co,mgraberhb@ning.com,1984-10-01,3826576
4116688299,Leticia Ovenell,lovenellhc@addtoany.com,lovenellhc@baidu.com,1984-01-02,5223030
2134606451,Georgeta McGillreich,gmcgillreichhd@goodreads.com,gmcgillreichhd@google.ca,2019-03-31,2793980
7009048064,Ritchie Dufoure,rdufourehe@live.com,rdufourehe@alexa.com,2008-05-16,7862820
5053306611,Olivier Richel,orichelhf@networksolutions.com,orichelhf@tamu.edu,2009-06-30,6210507
9959706887,Stewart Rutt,srutthg@ow.ly,srutthg@census.gov,1990-07-05,3702939
9848987144,Reeva Robertacci,rrobertaccihh@imdb.com,rrobertaccihh@phoca.cz,1998-11-01,3897291
8810083058,Harper Mathou,hmathouhi@wix.com,hmathouhi@seattletimes.com,2021-05-16,146941
8462959601,Rosie Amaya,ramayahj@posterous.com,ramayahj@upenn.edu,1997-12-03,3046445
3063003360,Giacopo Redwood,gredwoodhk@acquirethisname.com,gredwoodhk@globo.com,2001-07-02,8372755
2662673556,Melisandra MacPaden,mmacpadenhl@live.com,mmacpadenhl@rambler.ru,2001-01-17,3450974
8441919078,Raffarty Stiegers,rstiegershm@tumblr.com,rstiegershm@boston.com,1987-04-25,9876383
5749588781,Fidelity Pond,fpondhn@paypal.com,fpondhn@blogs.com,1980-12-17,5247631
3083838928,Sapphira Lyddy,slyddyho@slashdot.org,slyddyho@google.com.hk,1983-12-24,7764079
3090477115,Dulci Jobern,djobernhp@1688.com,djobernhp@tumblr.com,2015-12-28,5655473
6907313298,Farley Griffitt,fgriffitthq@joomla.org,fgriffitthq@home.pl,1991-05-16,5875301
3764838719,Olva Hobbert,ohobberthr@ebay.co.uk,ohobberthr@home.pl,2006-08-07,2085528
7623130465,Michail Fairhead,mfairheadhs@berkeley.edu,mfairheadhs@so-net.ne.jp,2003-09-03,149650
2867785998,Biddy Dimitriev,bdimitrievht@ox.ac.uk,bdimitrievht@istockphoto.com,1987-08-29,4523663
3437101964,Hollie Hirsch,hhirschhu@dmoz.org,hhirschhu@xinhuanet.com,2005-11-11,4184650
3146709790,Alphonso Nashe,anashehv@shareasale.com,anashehv@unesco.org,1998-08-28,4050315
4927321495,Colet Mertin,cmertinhw@odnoklassniki.ru,cmertinhw@github.com,2012-02-03,4276491
6408637690,Nolie Strotton,nstrottonhx@si.edu,nstrottonhx@amazon.com,2016-01-15,9609428
4880959810,Mord Berrey,mberreyhy@de.vu,mberreyhy@biglobe.ne.jp,1985-05-10,9406432
2575716580,Godwin Dmitrovic,gdmitrovichz@privacy.gov.au,gdmitrovichz@opensource.org,2017-08-10,9523465
1675259967,Laural Wulfinger,lwulfingeri0@unblog.fr,lwulfingeri0@mayoclinic.com,2019-07-19,3851691
3542216724,Anthea Tantrum,atantrumi1@fastcompany.com,atantrumi1@theguardian.com,2000-11-15,3045785
1468866336,Beret Algate,balgatei2@goodreads.com,balgatei2@usa.gov,1998-07-11,7748755
4180050999,Inesita Slewcock,islewcocki3@nasa.gov,islewcocki3@elpais.com,1989-09-16,3114694
5333793778,Silvester Stenhouse,sstenhousei4@bandcamp.com,sstenhousei4@google.de,2013-03-09,2409241
7162046407,Brooke Duchart,bducharti5@sbwire.com,bducharti5@yellowpages.com,2001-09-08,9679072
9993190631,Ximenez Verny,xvernyi6@sun.com,xvernyi6@de.vu,1983-05-31,6952366
9855159180,Violetta Easter,veasteri7@redcross.org,veasteri7@yellowbook.com,2017-07-22,7199330
1395905793,Sadie Staveley,sstaveleyi8@netlog.com,sstaveleyi8@gizmodo.com,1983-04-22,9001089
4708531625,Alicia Sicily,asicilyi9@usda.gov,asicilyi9@va.gov,1992-02-19,7118886
2651329333,Burtie Beckitt,bbeckittia@indiegogo.com,bbeckittia@topsy.com,2014-10-03,8312874
1574860522,Fiorenze Hackey,fhackeyib@4shared.com,fhackeyib@netscape.com,1989-07-07,5365264
1914616235,Deni Worster,dworsteric@japanpost.jp,dworsteric@netscape.com,2001-04-22,8623442
1594870483,Robb Battershall,rbattershallid@sina.com.cn,rbattershallid@wikimedia.org,2022-01-25,355892
5891074271,Sonny Izard,sizardie@cpanel.net,sizardie@godaddy.com,1995-02-15,3777720
5981147899,Edie Chinery,echineryif@sfgate.com,echineryif@a8.net,1997-03-16,9757449
2072504941,Marty Way,mwayig@w3.org,mwayig@indiatimes.com,1984-07-01,2357343
7883559536,Puff Large,plargeih@umn.edu,plargeih@epa.gov,2016-09-14,9816450
4318720350,Bastien Thickens,bthickensii@deviantart.com,bthickensii@wikispaces.com,1994-10-08,5481554
9299346303,Ody Autrie,oautrieij@dmoz.org,oautrieij@mac.com,1985-10-17,2781581
3670520702,Friedrick Gilbride,fgilbrideik@mayoclinic.com,fgilbrideik@facebook.com,2001-04-11,6257186
4514553613,Emelyne Keiling,ekeilingil@bbc.co.uk,ekeilingil@mtv.com,2000-11-25,8900783
8144003005,Homere Corrao,hcorraoim@canalblog.com,hcorraoim@smugmug.com,2009-12-10,6097771
8340316716,Cleopatra Kayes,ckayesin@statcounter.com,ckayesin@mlb.com,1992-03-13,6589472
2309822711,Dukey Wissbey,dwissbeyio@prnewswire.com,dwissbeyio@wikimedia.org,1993-07-31,1732625
5786238661,Yulma Toffel,ytoffelip@github.com,ytoffelip@tiny.cc,1981-12-24,6867761
7521424185,Zolly Gheorghe,zgheorgheiq@nyu.edu,zgheorgheiq@ow.ly,1982-09-17,8390192
8216381190,Isiahi Howlin,ihowlinir@wordpress.org,ihowlinir@163.com,2020-01-31,5338432
9451790744,Jacquelynn Imason,jimasonis@seesaa.net,jimasonis@exblog.jp,1996-09-17,5080009
3130024110,Phyllys Langsbury,plangsburyit@amazonaws.com,plangsburyit@google.com.hk,2002-10-25,8844377
6452787245,Decca Dugood,ddugoodiu@google.com.hk,ddugoodiu@pinterest.com,1980-11-14,2274272
1075344886,Hiram Drayton,hdraytoniv@liveinternet.ru,hdraytoniv@reuters.com,1999-01-20,255631
2774960757,Buiron Boycott,bboycottiw@4shared.com,bboycottiw@4shared.com,1999-01-09,2975870
3146045364,Ophelie Gasking,ogaskingix@reverbnation.com,ogaskingix@bizjournals.com,1987-01-12,5664864
1391656147,Kelsy Ossenna,kossennaiy@sphinn.com,kossennaiy@tamu.edu,2018-03-02,1665947
9830487271,Niels Wathall,nwathalliz@w3.org,nwathalliz@quantcast.com,2020-07-02,8293817
1985072605,Waylon Slator,wslatorj0@mayoclinic.com,wslatorj0@cpanel.net,1982-01-22,3053717
6540241819,Cacilia Beckensall,cbeckensallj1@scribd.com,cbeckensallj1@mtv.com,1992-10-13,5820866
9167154280,Meade Tieraney,mtieraneyj2@twitpic.com,mtieraneyj2@t-online.de,1991-02-21,3456129
1600773993,Helenka Pourvoieur,hpourvoieurj3@studiopress.com,hpourvoieurj3@naver.com,1981-07-20,3179007
6970316403,Mimi Danks,mdanksj4@un.org,mdanksj4@hud.gov,1993-05-01,4995961
2966425284,Robbie Rowswell,rrowswellj5@about.me,rrowswellj5@hao123.com,1982-08-30,3677646
6591927782,Idalia Bortoluzzi,ibortoluzzij6@imgur.com,ibortoluzzij6@etsy.com,2019-08-23,884856
7341126243,Stephenie Corgenvin,scorgenvinj7@dmoz.org,scorgenvinj7@weebly.com,2005-08-31,4446987
2525610338,Adelaide Varndell,avarndellj8@themeforest.net,avarndellj8@oaic.gov.au,2000-11-21,4698660
1203410731,Daisi Soanes,dsoanesj9@studiopress.com,dsoanesj9@furl.net,1989-08-01,7476437
5935650545,Farah Britten,fbrittenja@seesaa.net,fbrittenja@japanpost.jp,2002-01-23,6209760
7835388552,Marie-ann Creigan,mcreiganjb@free.fr,mcreiganjb@tmall.com,2010-06-26,7982729
2015490848,Paolo Heffernan,pheffernanjc@meetup.com,pheffernanjc@imdb.com,2009-02-11,7378827
4103270305,Somerset Haydney,shaydneyjd@chicagotribune.com,shaydneyjd@home.pl,2018-05-19,8966381
5234856693,Robby Gorick,rgorickje@sun.com,rgorickje@sitemeter.com,1996-12-23,7902267
3673750556,Marcile Senyard,msenyardjf@tinyurl.com,msenyardjf@addtoany.com,1996-02-01,6951871
2751651699,Mari Soane,msoanejg@last.fm,msoanejg@cdbaby.com,2016-11-12,5091347
5380266175,Wanda Skeat,wskeatjh@nhs.uk,wskeatjh@pbs.org,1993-10-23,1722527
3471899234,Reed Gaughan,rgaughanji@ft.com,rgaughanji@flickr.com,1984-07-29,5845243
2649703508,Markos Largan,mlarganjj@foxnews.com,mlarganjj@sciencedaily.com,1980-07-10,8148241
8543340566,Rex Tottman,rtottmanjk@oracle.com,rtottmanjk@aboutads.info,2010-04-20,5005937
4048379794,Iosep Iglesia,iiglesiajl@ovh.net,iiglesiajl@diigo.com,1983-09-22,4756562
6014238360,Fanechka Trubshaw,ftrubshawjm@umn.edu,ftrubshawjm@statcounter.com,1980-05-31,2202893
6205780531,Dirk MacEllen,dmacellenjn@wisc.edu,dmacellenjn@altervista.org,2005-09-09,837408
8630963208,Kathlin Print,kprintjo@histats.com,kprintjo@mtv.com,1987-05-18,1047573
9534123410,Lavinia Medhurst,lmedhurstjp@furl.net,lmedhurstjp@princeton.edu,2002-11-10,9900760
9061303908,Tobie Bloomer,tbloomerjq@auda.org.au,tbloomerjq@disqus.com,1993-01-27,7408454
3769672536,Oran McKinn,omckinnjr@psu.edu,omckinnjr@army.mil,2015-09-01,1495126
1727305678,Ive Scurrell,iscurrelljs@vinaora.com,iscurrelljs@sogou.com,1984-03-08,5979679
7825569650,Roosevelt Fears,rfearsjt@paypal.com,rfearsjt@xing.com,2007-10-27,1431968
1583958208,Kaiser Twitchings,ktwitchingsju@columbia.edu,ktwitchingsju@china.com.cn,1985-10-03,3949200
2363627445,Una Paulillo,upaulillojv@miitbeian.gov.cn,upaulillojv@auda.org.au,1994-09-29,5476320
4930248617,Ruben Rossbrook,rrossbrookjw@upenn.edu,rrossbrookjw@qq.com,1998-10-11,64808
3460286788,Liane Towll,ltowlljx@google.co.jp,ltowlljx@angelfire.com,1996-10-07,1413637
8437128170,Zacherie Watton,zwattonjy@rakuten.co.jp,zwattonjy@fastcompany.com,1998-12-17,4192708
7959363224,Cobby Seywood,cseywoodjz@harvard.edu,cseywoodjz@de.vu,1998-04-14,1366901
9835283014,Francine Fenners,ffennersk0@chronoengine.com,ffennersk0@senate.gov,1988-12-23,6397794
1247601828,Helen-elizabeth Clelle,hclellek1@whitehouse.gov,hclellek1@adobe.com,2012-09-24,4398486
8062877126,Wit Haward,whawardk2@facebook.com,whawardk2@xing.com,2006-08-08,9492190
8387674486,Brinn Nevett,bnevettk3@telegraph.co.uk,bnevettk3@so-net.ne.jp,1996-06-18,7558816
9070490283,Bearnard Koop,bkoopk4@ebay.co.uk,bkoopk4@artisteer.com,1987-12-11,6468739
5059530891,Con Brunicke,cbrunickek5@nationalgeographic.com,cbrunickek5@hubpages.com,2013-02-07,2845309
7179134399,Burnaby Clorley,bclorleyk6@bigcartel.com,bclorleyk6@shutterfly.com,2001-09-05,2988185
9142534867,Brunhilde Chewter,bchewterk7@samsung.com,bchewterk7@patch.com,1995-12-12,4997772
2896426359,Joye Gommes,jgommesk8@livejournal.com,jgommesk8@dagondesign.com,1983-12-08,882876
1018970277,Genia Klempke,gklempkek9@photobucket.com,gklempkek9@eventbrite.com,1988-11-19,507560
6668764263,Bale Cully,bcullyka@dell.com,bcullyka@prweb.com,2012-08-26,7662986
8256814949,Robina Whitefoot,rwhitefootkb@unc.edu,rwhitefootkb@un.org,2003-05-22,6658197
9976932811,Urbain Merigon,umerigonkc@ebay.co.uk,umerigonkc@comsenz.com,2019-03-02,5811032
8899291897,Nina Klesel,nkleselkd@pen.io,nkleselkd@admin.ch,2005-04-16,3884998
3563889025,Lynn Shilstone,lshilstoneke@live.com,lshilstoneke@photobucket.com,2000-05-13,3835104
4103711275,Olin Willgoss,owillgosskf@issuu.com,owillgosskf@moonfruit.com,2020-01-27,7227056
5429849037,Cynthy Burchett,cburchettkg@ning.com,cburchettkg@t.co,2013-08-11,4172436
9103720032,Beatrisa Pakes,bpakeskh@diigo.com,bpakeskh@parallels.com,2017-08-07,6726570
5696223515,Liv McCafferky,lmccafferkyki@google.com.br,lmccafferkyki@oakley.com,2001-02-18,4534320
8589694102,Audry Bydaway,abydawaykj@netvibes.com,abydawaykj@ocn.ne.jp,2011-10-24,4677777
4482133235,Hartley Warry,hwarrykk@xing.com,hwarrykk@altervista.org,2009-12-06,7660522
9445749737,Wynny McReynolds,wmcreynoldskl@gov.uk,wmcreynoldskl@cam.ac.uk,2000-06-09,1174635
1712918986,Haydon Marjanski,hmarjanskikm@telegraph.co.uk,hmarjanskikm@yahoo.co.jp,2018-03-19,425301
1820201429,Germain Geraldo,ggeraldokn@salon.com,ggeraldokn@ox.ac.uk,2016-08-15,4320339
7867164111,Boonie Castellanos,bcastellanosko@infoseek.co.jp,bcastellanosko@ted.com,2015-09-30,2742626
2278101157,Milo Shadfourth,mshadfourthkp@hud.gov,mshadfourthkp@wired.com,1987-09-16,4365104
8074590622,Lee Grube,lgrubekq@marriott.com,lgrubekq@sogou.com,2020-10-01,5267206
3570287167,Rhiamon Dubois,rduboiskr@wikimedia.org,rduboiskr@wisc.edu,1980-02-07,8746854
8421831885,Amalee Medley,amedleyks@meetup.com,amedleyks@nih.gov,1980-03-11,4074742
2745685703,Adelina Kilduff,akilduffkt@google.es,akilduffkt@pen.io,2010-05-24,7146985
7611945136,Boigie Trahearn,btrahearnku@cdbaby.com,btrahearnku@1und1.de,2001-08-28,8642584
2842749251,Jules MacNess,jmacnesskv@mashable.com,jmacnesskv@cbc.ca,1993-04-12,5667952
7089410009,Lil Idel,lidelkw@woothemes.com,lidelkw@umn.edu,1995-06-25,523465
1495003932,Melli Asplin,masplinkx@constantcontact.com,masplinkx@amazon.com,2018-10-13,2113628
1992090041,Griz Kosel,gkoselky@ca.gov,gkoselky@vistaprint.com,2007-06-26,6774645
2143397386,Olivette Housley,ohousleykz@tamu.edu,ohousleykz@cornell.edu,2009-03-07,3764659
3873162368,Linnell Dmitrievski,ldmitrievskil0@topsy.com,ldmitrievskil0@globo.com,2014-11-27,2111715
3747529122,Norris Godlonton,ngodlontonl1@army.mil,ngodlontonl1@myspace.com,1989-07-19,8985747
8711899725,Sutherland Lagden,slagdenl2@phpbb.com,slagdenl2@ucoz.ru,2007-05-15,298953
6348376027,Kandace Schwander,kschwanderl3@oracle.com,kschwanderl3@house.gov,1982-05-05,345871
1832123487,Antoni Tims,atimsl4@comsenz.com,atimsl4@prweb.com,1994-07-11,5681170
2215735035,Doris Maypother,dmaypotherl5@clickbank.net,dmaypotherl5@fotki.com,1997-10-06,5543473
2580707460,Kailey Becarra,kbecarral6@pen.io,kbecarral6@state.tx.us,2010-07-05,4214896
9825267308,Geoff Monteith,gmonteithl7@oracle.com,gmonteithl7@harvard.edu,1987-03-05,9847356
4851625993,Ogdan Olney,oolneyl8@joomla.org,oolneyl8@smh.com.au,1996-04-16,2048501
1846324423,Alphard Altimas,aaltimasl9@home.pl,aaltimasl9@drupal.org,1996-11-24,6171745
2942749812,Avram Giraudot,agiraudotla@tripod.com,agiraudotla@topsy.com,1986-02-19,4329707
9929583464,Torrie Curwen,tcurwenlb@boston.com,tcurwenlb@disqus.com,1998-02-28,9934537
4171866787,Stephanie Robbins,srobbinslc@multiply.com,srobbinslc@youtu.be,2011-11-27,9379480
1367531512,Florencia Cossum,fcossumld@live.com,fcossumld@domainmarket.com,2021-03-22,3089864
9617757765,Demetra Tallon,dtallonle@google.com.br,dtallonle@nps.gov,2016-06-12,5891518
2813586381,Stefa Cotter,scotterlf@163.com,scotterlf@bbb.org,2020-11-06,235552
2074711868,Moll Alster,malsterlg@youku.com,malsterlg@ovh.net,2017-06-08,7298922
7233655824,Wilow McNuff,wmcnufflh@omniture.com,wmcnufflh@cloudflare.com,1992-08-02,6677996
4643166080,Phylis Botha,pbothali@bigcartel.com,pbothali@eepurl.com,1990-08-30,6019065
4761829212,Ardelis Faughny,afaughnylj@java.com,afaughnylj@icq.com,2007-08-27,4011440
8243876424,Katee Wyper,kwyperlk@amazon.com,kwyperlk@scientificamerican.com,1985-12-30,9424265
7872751686,Marguerite Yurin,myurinll@jalbum.net,myurinll@noaa.gov,1984-09-10,2557054
3098200557,Reinaldos Van den Velde,rvanlm@csmonitor.com,rvanlm@nba.com,2016-10-16,4307841
8331760263,Haywood Eastby,heastbyln@nhs.uk,heastbyln@livejournal.com,1992-11-19,7270895
4886029486,Leanna Kensall,lkensalllo@cbsnews.com,lkensalllo@indiegogo.com,1982-02-16,2019843
4690242209,Onofredo Gathercole,ogathercolelp@eepurl.com,ogathercolelp@blogger.com,1986-08-16,7066186
8186481063,Avrom Seamons,aseamonslq@sbwire.com,aseamonslq@indiegogo.com,2015-10-15,7783288
1172117841,Waite Bullingham,wbullinghamlr@prnewswire.com,wbullinghamlr@home.pl,2010-10-01,4129349
6644899254,Drucill Murrey,dmurreyls@paypal.com,dmurreyls@shutterfly.com,1999-08-25,4579731
7800577123,Yevette Shimwall,yshimwalllt@nhs.uk,yshimwalllt@booking.com,1985-08-10,2752475
1505449284,Theressa Twittey,ttwitteylu@wordpress.org,ttwitteylu@lulu.com,1980-03-21,8006201
4624327748,Gussy Sapshed,gsapshedlv@netscape.com,gsapshedlv@cbslocal.com,2012-03-12,6087507
1591551007,Worden Soda,wsodalw@ca.gov,wsodalw@diigo.com,2000-11-20,3115764
9408761984,Philbert Francke,pfranckelx@xrea.com,pfranckelx@dedecms.com,2013-01-23,6694963
7076365592,Sandye Farnan,sfarnanly@ebay.com,sfarnanly@princeton.edu,1994-06-10,4832762
1936398938,Stephana Lightoller,slightollerlz@harvard.edu,slightollerlz@squidoo.com,1999-04-12,7897040
9467478362,Alejandra Pauwel,apauwelm0@seesaa.net,apauwelm0@blogspot.com,1984-09-06,4916739
1690122991,Anabelle Vermer,avermerm1@fema.gov,avermerm1@bigcartel.com,2020-04-15,1613529
6526028446,Genna Joost,gjoostm2@hc360.com,gjoostm2@ebay.co.uk,2016-04-26,2821533
4950168114,Shauna Benjafield,sbenjafieldm3@a8.net,sbenjafieldm3@pinterest.com,1983-06-13,515820
5423571190,Kyla Strode,kstrodem4@t-online.de,kstrodem4@narod.ru,1993-11-17,3166996
7197326899,Albina Woodberry,awoodberrym5@reuters.com,awoodberrym5@eventbrite.com,1999-03-31,7049061
8783787752,Merna Maulden,mmauldenm6@123-reg.co.uk,mmauldenm6@arstechnica.com,1985-05-31,4295810
8494996728,Rutledge Esmond,resmondm7@unicef.org,resmondm7@google.de,1985-09-25,1074083
9174369413,Loralyn Wadforth,lwadforthm8@gravatar.com,lwadforthm8@list-manage.com,1983-04-05,3340469
9139012513,Avrit Raphael,araphaelm9@tuttocitta.it,araphaelm9@tripod.com,2016-01-28,6480926
8890454261,Cinderella Gerardin,cgerardinma@jimdo.com,cgerardinma@sphinn.com,2020-05-14,5786092
5963863365,Sherill Puve,spuvemb@diigo.com,spuvemb@craigslist.org,1981-03-09,2731401
4934856971,Cobby Cuddehay,ccuddehaymc@ezinearticles.com,ccuddehaymc@list-manage.com,2011-11-30,6427895
7969600559,Merell Klemensiewicz,mklemensiewiczmd@reuters.com,mklemensiewiczmd@vkontakte.ru,2006-07-11,2394275
3366887340,Sybille Blaby,sblabyme@squidoo.com,sblabyme@ca.gov,2017-05-02,8952660
5987851437,Harwilll Petow,hpetowmf@cargocollective.com,hpetowmf@gravatar.com,1998-09-16,6273252
1705209023,Ina Zipsell,izipsellmg@answers.com,izipsellmg@mail.ru,2011-08-15,57186
9154911236,Mattheus Murkitt,mmurkittmh@nydailynews.com,mmurkittmh@discuz.net,2021-03-01,6715879
1720169691,Menard Bedinn,mbedinnmi@technorati.com,mbedinnmi@t-online.de,2014-04-18,6221539
2046186077,Blaire Giovannardi,bgiovannardimj@yale.edu,bgiovannardimj@hhs.gov,2015-06-04,7450539
9608593960,Garland Holttom,gholttommk@cnet.com,gholttommk@topsy.com,2021-03-19,6891886
8254809691,Marlene Batrick,mbatrickml@springer.com,mbatrickml@artisteer.com,2021-09-12,1775149
9495437719,Bibbye Schnieder,bschniedermm@java.com,bschniedermm@drupal.org,2013-09-06,8757944
3675513288,Arni Toffoloni,atoffolonimn@jigsy.com,atoffolonimn@dmoz.org,2010-08-23,4202355
1590286818,Dov Paullin,dpaullinmo@altervista.org,dpaullinmo@barnesandnoble.com,2021-12-16,7425087
7204033245,Jeddy Skuse,jskusemp@amazon.de,jskusemp@google.it,1982-09-24,3035138
2639635625,Lib Weitzel,lweitzelmq@nsw.gov.au,lweitzelmq@scientificamerican.com,1998-10-05,9434507
1801067588,Bellina Abels,babelsmr@youku.com,babelsmr@yahoo.co.jp,1994-10-15,4626107
4600559467,Gertrude Sifleet,gsifleetms@e-recht24.de,gsifleetms@issuu.com,2009-12-31,131632
5433799400,Benyamin Kinny,bkinnymt@google.pl,bkinnymt@independent.co.uk,1994-03-08,8886164
8085487607,Allsun Sola,asolamu@yolasite.com,asolamu@prnewswire.com,1987-05-14,4543809
9492580404,Wilhelm Stanway,wstanwaymv@cbslocal.com,wstanwaymv@t.co,2007-06-29,632413
1393088878,Tiler Abdie,tabdiemw@google.ru,tabdiemw@g.co,1983-12-12,3023627
1493255572,Raynard Chisholme,rchisholmemx@dropbox.com,rchisholmemx@123-reg.co.uk,2000-02-22,8846154
6077600184,Kile Sprasen,ksprasenmy@blinklist.com,ksprasenmy@usnews.com,1996-10-11,1123882
7032658957,Tatiana Harle,tharlemz@reddit.com,tharlemz@paginegialle.it,2002-10-09,218970
3808934687,Elset Stachini,estachinin0@va.gov,estachinin0@constantcontact.com,2005-03-08,2848035
6699035019,Russell Simoni,rsimonin1@epa.gov,rsimonin1@cyberchimps.com,2004-04-26,5710828
1655192640,Vanna Pittford,vpittfordn2@cloudflare.com,vpittfordn2@wufoo.com,1998-01-11,6308845
7821180123,Faythe Vizor,fvizorn3@wired.com,fvizorn3@forbes.com,2008-02-22,125588
7618305226,Renard Stutt,rstuttn4@cam.ac.uk,rstuttn4@naver.com,1992-07-05,5979923
7657988545,Laney Kirk,lkirkn5@amazon.com,lkirkn5@illinois.edu,2005-01-21,478311
9186586984,Markos Diem,mdiemn6@seattletimes.com,mdiemn6@netscape.com,1983-05-03,8390331
6619491784,Anny McCloughen,amccloughenn7@jiathis.com,amccloughenn7@bbb.org,1995-10-20,8513484
8241308944,Tanhya Farrans,tfarransn8@woothemes.com,tfarransn8@hostgator.com,2017-05-26,6548582
5747201796,Jonie Edwardes,jedwardesn9@blogspot.com,jedwardesn9@squidoo.com,2006-04-13,9205962
1932726576,Ines Babington,ibabingtonna@addtoany.com,ibabingtonna@howstuffworks.com,1986-09-30,2436233
6261150495,Solomon Nurcombe,snurcombenb@canalblog.com,snurcombenb@bing.com,2022-01-27,4602603
1652627438,Heda Tipple,htipplenc@npr.org,htipplenc@ifeng.com,1989-02-04,1379254
5084801828,Ann-marie Gilling,agillingnd@is.gd,agillingnd@live.com,1991-03-03,8731504
7884456810,Charin Siege,csiegene@huffingtonpost.com,csiegene@businesswire.com,1997-09-10,6193136
1335899587,Rodd MacNamee,rmacnameenf@hatena.ne.jp,rmacnameenf@unc.edu,1983-04-14,7792598
7113157193,Kennedy Bantick,kbantickng@wisc.edu,kbantickng@yahoo.com,2007-07-12,6064999
4587525099,Zacharie Bartoszek,zbartoszeknh@nymag.com,zbartoszeknh@yellowpages.com,2019-01-18,37185
2107466986,Tibold Hammersley,thammersleyni@google.nl,thammersleyni@dailymail.co.uk,2018-02-10,6727076
5346996769,Viola Vela,vvelanj@jiathis.com,vvelanj@weather.com,1988-05-14,5314170
9881602287,Rivkah Noell,rnoellnk@google.com.hk,rnoellnk@state.tx.us,2019-09-14,7610927
3997677912,Arin Suff,asuffnl@reuters.com,asuffnl@canalblog.com,1982-04-15,5627102
9034592917,Aaron Boxhall,aboxhallnm@pcworld.com,aboxhallnm@reference.com,1989-09-19,2122073
9871729139,Basil Bowfin,bbowfinnn@independent.co.uk,bbowfinnn@jimdo.com,2021-05-21,3450250
4837868122,Emanuele Iglesiaz,eiglesiazno@youtu.be,eiglesiazno@reuters.com,1999-07-26,7375378
9873473889,Darsey Honsch,dhonschnp@home.pl,dhonschnp@google.pl,2010-06-30,7929074
7410602477,Eamon Jarritt,ejarrittnq@taobao.com,ejarrittnq@ehow.com,1996-06-13,3760621
7382166027,Hamish Blackey,hblackeynr@imgur.com,hblackeynr@fema.gov,1983-03-30,2025963
5203957036,Lemmy Brisco,lbriscons@bandcamp.com,lbriscons@odnoklassniki.ru,1983-05-28,6704527
8135909115,Montgomery Hartmann,mhartmannnt@dyndns.org,mhartmannnt@netvibes.com,2016-10-24,391925
2143691264,Cesar Rowland,crowlandnu@comcast.net,crowlandnu@barnesandnoble.com,2004-08-20,1257272
3916832888,Nessi Coverley,ncoverleynv@opera.com,ncoverleynv@pinterest.com,2005-10-21,5962154
7680865523,Marybelle Humberstone,mhumberstonenw@youtube.com,mhumberstonenw@globo.com,2000-12-13,7269104
2878288245,Engelbert Foister,efoisternx@acquirethisname.com,efoisternx@reference.com,1987-06-20,2130807
2739152542,Eberto Ambrogini,eambrogininy@mail.ru,eambrogininy@ustream.tv,2017-05-25,3296788
8832111303,Dede Kiwitz,dkiwitznz@gmpg.org,dkiwitznz@sakura.ne.jp,2001-03-31,9900975
6640752478,Wileen Dews,wdewso0@dailymotion.com,wdewso0@disqus.com,2022-02-04,9696347
1275623711,Walker Van Vuuren,wvano1@cnn.com,wvano1@vk.com,2002-07-23,6137349
3966795431,Klement Mungham,kmunghamo2@earthlink.net,kmunghamo2@fc2.com,1987-12-28,4928776
6307645516,Reade Dauney,rdauneyo3@ox.ac.uk,rdauneyo3@twitter.com,1991-03-06,264066
4811952325,Brendon Davidwitz,bdavidwitzo4@ebay.co.uk,bdavidwitzo4@engadget.com,2005-04-13,4275249
4039827428,Alwin Oganesian,aoganesiano5@paginegialle.it,aoganesiano5@blog.com,2008-12-06,5654022
8320213771,Rozelle Honeyghan,rhoneyghano6@rakuten.co.jp,rhoneyghano6@ow.ly,1999-02-28,4636999
8310865851,Giselle Chastagnier,gchastagniero7@creativecommons.org,gchastagniero7@t.co,1988-12-16,6212145
8656280850,Linn Haliday,lhalidayo8@mashable.com,lhalidayo8@blogs.com,2001-04-27,849458
1682769056,Dukey Alcido,dalcidoo9@purevolume.com,dalcidoo9@examiner.com,2007-05-25,9965069
2405024516,Morey O'Canavan,mocanavanoa@walmart.com,mocanavanoa@yale.edu,1983-05-18,5671478
7468733377,Stella Sayward,ssaywardob@mediafire.com,ssaywardob@unc.edu,2010-12-14,5338171
9745008894,Winnifred Breston,wbrestonoc@reference.com,wbrestonoc@bing.com,1991-11-06,1611980
1139530470,Lila Reditt,lredittod@dailymotion.com,lredittod@t.co,2008-12-26,1065283
9409097874,Anna Mugridge,amugridgeoe@nydailynews.com,amugridgeoe@uiuc.edu,2005-02-22,360219
6973125718,Broddy Woolfoot,bwoolfootof@instagram.com,bwoolfootof@a8.net,1987-06-30,1517602
1498187994,Janice Mico,jmicoog@tamu.edu,jmicoog@parallels.com,1990-01-03,5122168
6131541610,Nico Jolliffe,njolliffeoh@ovh.net,njolliffeoh@mediafire.com,2017-05-19,1898358
6771594897,Gertrud Hubbucke,ghubbuckeoi@shinystat.com,ghubbuckeoi@cpanel.net,1982-12-06,6667838
9388028623,Aindrea Banbridge,abanbridgeoj@spotify.com,abanbridgeoj@senate.gov,1985-08-13,6075938
4914575849,Jayme Fearneley,jfearneleyok@wired.com,jfearneleyok@ustream.tv,2010-11-24,7359539
5717240775,Clive Sheryne,csheryneol@whitehouse.gov,csheryneol@hud.gov,2013-09-15,1428172
6974861101,Ripley Gosz,rgoszom@miibeian.gov.cn,rgoszom@youtube.com,1983-05-17,8865172
3840851127,Cirstoforo Ferry,cferryon@flickr.com,cferryon@qq.com,1991-06-22,629454
9757948335,Francyne Henke,fhenkeoo@pinterest.com,fhenkeoo@pinterest.com,2012-10-06,1460073
3266747583,Irma Pykerman,ipykermanop@rediff.com,ipykermanop@smh.com.au,1981-02-05,8038698
7146706579,Rik Vyel,rvyeloq@jimdo.com,rvyeloq@drupal.org,2017-05-30,3340471
8919671627,Frank Stairs,fstairsor@latimes.com,fstairsor@goo.ne.jp,1986-08-08,650806
1581448598,Lanie Culshew,lculshewos@godaddy.com,lculshewos@whitehouse.gov,2004-06-12,1825395
6381596968,Livia Lowson,llowsonot@narod.ru,llowsonot@businessweek.com,2013-01-14,2191466
5016243752,Nita Stoner,nstonerou@icio.us,nstonerou@slashdot.org,1987-02-19,8758971
7042126595,Papagena Croose,pcrooseov@domainmarket.com,pcrooseov@cafepress.com,2014-05-03,7573100
9240762912,Norrie Brookfield,nbrookfieldow@prlog.org,nbrookfieldow@stumbleupon.com,2021-10-26,4189630
1737986046,Flint Atchly,fatchlyox@cam.ac.uk,fatchlyox@github.com,2007-08-27,3429329
3976099810,Kristal Maric,kmaricoy@nps.gov,kmaricoy@dmoz.org,1987-11-16,2807256
8782118505,Mariejeanne Santhouse,msanthouseoz@last.fm,msanthouseoz@zdnet.com,2016-07-26,5509460
5252304349,Charmine Senter,csenterp0@blog.com,csenterp0@slate.com,2018-07-20,7140203
6680617302,Lesya Rockwill,lrockwillp1@youtu.be,lrockwillp1@nhs.uk,2004-07-21,9421036
5632720969,Christoph Franciskiewicz,cfranciskiewiczp2@sohu.com,cfranciskiewiczp2@mysql.com,2013-12-07,5946791
8405663687,Donnamarie Ragge,draggep3@soup.io,draggep3@bigcartel.com,2015-01-05,4885226
3006794822,Missie Dillestone,mdillestonep4@jigsy.com,mdillestonep4@census.gov,2021-01-15,6089987
4936835500,Raynard Moraleda,rmoraledap5@wunderground.com,rmoraledap5@ebay.co.uk,2010-12-29,4185217
5892079670,Butch Jills,bjillsp6@dot.gov,bjillsp6@a8.net,2016-06-30,8864856
4542961035,Fern Kolodziejski,fkolodziejskip7@csmonitor.com,fkolodziejskip7@nytimes.com,2012-08-02,5454345
4183692606,Jedd Vanichkin,jvanichkinp8@cyberchimps.com,jvanichkinp8@tamu.edu,2016-12-21,203072
8292889326,Charla Anespie,canespiep9@ibm.com,canespiep9@cloudflare.com,2018-10-30,4790616
8700754851,Camilla Dilrew,cdilrewpa@elpais.com,cdilrewpa@bbc.co.uk,2007-05-12,8144515
5799760355,Axe Eaglestone,aeaglestonepb@live.com,aeaglestonepb@posterous.com,1989-11-27,9542515
5422446206,Anselm Everest,aeverestpc@sitemeter.com,aeverestpc@cnet.com,1985-12-30,3695061
4003004510,Anders Iddon,aiddonpd@house.gov,aiddonpd@wikispaces.com,2020-01-15,1466356
6264988342,Adore Mathy,amathype@buzzfeed.com,amathype@wikispaces.com,1993-10-15,6518217
8100705583,Rahal Abrahamsohn,rabrahamsohnpf@1688.com,rabrahamsohnpf@miitbeian.gov.cn,1995-01-17,1803582
9134109221,Pepito Carlone,pcarlonepg@cyberchimps.com,pcarlonepg@chron.com,1989-02-19,3538861
9146456725,Davie Solano,dsolanoph@surveymonkey.com,dsolanoph@aboutads.info,1982-11-16,3600913
3476056247,Roselin Kempshall,rkempshallpi@aboutads.info,rkempshallpi@boston.com,1980-12-15,4046824
7683822119,Flinn Franses,ffransespj@google.pl,ffransespj@bloglines.com,1982-09-22,3230965
4168270346,Glyn Dioniso,gdionisopk@clickbank.net,gdionisopk@bigcartel.com,1989-04-05,8102211
8346450130,Aldridge Peet,apeetpl@arizona.edu,apeetpl@blogspot.com,2005-05-04,4527758
5203381524,Sallyann Ketch,sketchpm@japanpost.jp,sketchpm@omniture.com,2007-01-02,304386
6188300123,Roana Middlemiss,rmiddlemisspn@uol.com.br,rmiddlemisspn@tinypic.com,2019-09-17,4445223
4842944876,Von Oxe,voxepo@msn.com,voxepo@facebook.com,1995-01-28,1237824
9444977864,Indira Rudeforth,irudeforthpp@issuu.com,irudeforthpp@liveinternet.ru,1988-07-04,85948
7030127823,Arie Longland,alonglandpq@youtube.com,alonglandpq@webmd.com,2006-01-17,4155062
8648366473,Luciano McCaughey,lmccaugheypr@home.pl,lmccaugheypr@google.com,1996-11-02,8120253
6644997788,Alphonso Wanek,awanekps@eventbrite.com,awanekps@sciencedirect.com,1989-12-02,3924553
9322974909,Gwenneth Kernell,gkernellpt@prlog.org,gkernellpt@samsung.com,2009-02-05,5303635
6877742542,Riki Phillippo,rphillippopu@ucoz.com,rphillippopu@unblog.fr,2022-01-19,55663
9098282587,Grata Peel,gpeelpv@feedburner.com,gpeelpv@sourceforge.net,2009-06-11,8952439
9445632227,Barnaby Sijmons,bsijmonspw@tamu.edu,bsijmonspw@eepurl.com,2001-08-08,5964228
6253387243,Blayne Whelband,bwhelbandpx@networkadvertising.org,bwhelbandpx@wordpress.org,1992-06-07,7839284
5837662117,Laraine Axelby,laxelbypy@tuttocitta.it,laxelbypy@blog.com,1999-10-17,1302859
5915748922,Norrie Crellim,ncrellimpz@kickstarter.com,ncrellimpz@vinaora.com,2009-07-10,3345848
1382810011,Ellsworth Romayn,eromaynq0@barnesandnoble.com,eromaynq0@reddit.com,2017-06-19,9607018
3438412047,Khalil Trobridge,ktrobridgeq1@123-reg.co.uk,ktrobridgeq1@moonfruit.com,1992-12-29,5582589
8013377019,Dominique Heyns,dheynsq2@quantcast.com,dheynsq2@google.com.hk,1997-03-09,2992552
8626579281,Celestyna Sallows,csallowsq3@bandcamp.com,csallowsq3@mlb.com,2002-05-02,3712171
1207195873,Margot Kohter,mkohterq4@salon.com,mkohterq4@booking.com,1999-04-05,9709296
8808759485,Steffi Stephens,sstephensq5@newsvine.com,sstephensq5@soundcloud.com,2016-03-28,9409498
9791218528,Hoyt McMonies,hmcmoniesq6@deliciousdays.com,hmcmoniesq6@phoca.cz,2006-03-19,3893876
6399743606,Vladamir Raggles,vragglesq7@cafepress.com,vragglesq7@tripod.com,2016-11-10,6537915
5414422771,Edmon Jeffrey,ejeffreyq8@chronoengine.com,ejeffreyq8@si.edu,2011-01-10,2573956
3222397560,Rory Neubigging,rneubiggingq9@seesaa.net,rneubiggingq9@webs.com,2019-01-10,5928570
7606040117,Adrianna Sallier,asallierqa@stanford.edu,asallierqa@un.org,2005-05-07,2902116
7729326125,Alonzo Dendle,adendleqb@artisteer.com,adendleqb@opensource.org,1992-11-11,5956375
2681608131,Mohandas Alleway,mallewayqc@utexas.edu,mallewayqc@paginegialle.it,2009-10-17,9058365
7978041956,Jasun Matzke,jmatzkeqd@wunderground.com,jmatzkeqd@china.com.cn,2006-04-24,5614567
3046922606,Andrea Fibbings,afibbingsqe@liveinternet.ru,afibbingsqe@delicious.com,1995-03-19,9484704
6354209997,Alaine Revie,arevieqf@plala.or.jp,arevieqf@scribd.com,2019-05-24,7374883
3566130257,Revkah Tolland,rtollandqg@cpanel.net,rtollandqg@constantcontact.com,2015-04-28,5867758
1916836004,Rickie Gatherell,rgatherellqh@java.com,rgatherellqh@admin.ch,1983-06-01,402262
4360036367,Celle Alvarado,calvaradoqi@barnesandnoble.com,calvaradoqi@diigo.com,1986-06-24,2432923
9651480461,Esther Edginton,eedgintonqj@slideshare.net,eedgintonqj@newsvine.com,1981-06-11,8329216
3553628706,Caritta Tourner,ctournerqk@1und1.de,ctournerqk@usnews.com,1982-05-19,3930618
2954250336,Darrin Dorant,ddorantql@digg.com,ddorantql@ameblo.jp,1984-07-18,6638813
8535444372,Matthiew Cahan,mcahanqm@amazon.co.jp,mcahanqm@mashable.com,2019-07-16,7086537
7477935149,Cathy Trousdell,ctrousdellqn@smh.com.au,ctrousdellqn@chron.com,2009-01-18,7585610
7718307902,Isabelle Dmisek,idmisekqo@berkeley.edu,idmisekqo@vinaora.com,1983-06-09,2961423
8018362124,Ronny Vatini,rvatiniqp@japanpost.jp,rvatiniqp@dedecms.com,1999-09-24,9891423
6738033260,Trev Witz,twitzqq@webs.com,twitzqq@google.co.uk,1996-12-14,1833722
2400560618,Querida Scintsbury,qscintsburyqr@google.fr,qscintsburyqr@php.net,1989-02-22,8362599
9761408274,Alisha Scrymgeour,ascrymgeourqs@buzzfeed.com,ascrymgeourqs@princeton.edu,1994-08-11,5558754
4955283104,Katha Whitebrook,kwhitebrookqt@parallels.com,kwhitebrookqt@seesaa.net,2009-01-24,188121
5362503360,Feodora Patshull,fpatshullqu@wired.com,fpatshullqu@desdev.cn,2017-04-11,1301714
8106528934,Lorrayne Matusevich,lmatusevichqv@sbwire.com,lmatusevichqv@tiny.cc,2009-12-12,1931043
7445746200,Avram Meldon,ameldonqw@cloudflare.com,ameldonqw@shareasale.com,1992-04-06,1717330
2129316532,Ardyth Crayk,acraykqx@sun.com,acraykqx@reverbnation.com,1990-01-27,5774167
6997982638,Jilleen Farnish,jfarnishqy@woothemes.com,jfarnishqy@histats.com,1986-09-12,9352497
1318234857,Abbey Haynes,ahaynesqz@amazon.co.uk,ahaynesqz@sogou.com,2004-12-10,1751955
8377954784,Gunner Rouff,grouffr0@google.ru,grouffr0@hubpages.com,1989-11-09,3238670
7318354551,Ronalda Hayers,rhayersr1@ifeng.com,rhayersr1@homestead.com,2000-10-11,8212376
3834614431,Remy Masdon,rmasdonr2@businessinsider.com,rmasdonr2@joomla.org,2003-06-18,5664403
3864449228,Dru Blune,dbluner3@chron.com,dbluner3@ox.ac.uk,2022-01-07,4369513
8951337108,Libbi Forsythe,lforsyther4@about.me,lforsyther4@census.gov,2015-02-23,9026716
2847549019,Lambert Court,lcourtr5@google.com,lcourtr5@list-manage.com,1985-04-08,9068431
6104397654,Danny Petters,dpettersr6@google.com,dpettersr6@wp.com,2001-04-26,124570
1214473188,Damiano Kinny,dkinnyr7@bbb.org,dkinnyr7@live.com,2008-12-14,7457561
1201229375,Humfried Itzig,hitzigr8@virginia.edu,hitzigr8@shinystat.com,1988-05-22,343247
4444057766,Cammy Kemshell,ckemshellr9@t.co,ckemshellr9@cbc.ca,2013-05-22,9139072
6649897561,Bonni Andrzejczak,bandrzejczakra@homestead.com,bandrzejczakra@nbcnews.com,2009-03-13,9629274
3213773109,Cloe Szymanek,cszymanekrb@cbslocal.com,cszymanekrb@upenn.edu,1990-07-22,245037
5739769683,Johannes Thirwell,jthirwellrc@blogs.com,jthirwellrc@linkedin.com,2006-05-05,742956
3389841300,Nestor Salzberg,nsalzbergrd@php.net,nsalzbergrd@diigo.com,1994-09-12,9488601
4970537332,Hatty Nipper,hnipperre@studiopress.com,hnipperre@tuttocitta.it,2001-04-22,32121
4765825212,Camala Yanshin,cyanshinrf@jiathis.com,cyanshinrf@google.cn,1995-04-13,6767529
6583784782,Aristotle Penkman,apenkmanrg@ebay.co.uk,apenkmanrg@gmpg.org,1980-12-02,5880869
6757128580,Ikey Megarry,imegarryrh@wordpress.com,imegarryrh@nhs.uk,1988-11-29,1782925
3168940367,Cinda Mellor,cmellorri@wunderground.com,cmellorri@canalblog.com,1982-09-17,6478271
5275174470,Hersh Furmston,hfurmstonrj@slate.com,hfurmstonrj@apache.org,1994-04-14,5726739
7181510945,Florance Trott,ftrottrk@taobao.com,ftrottrk@xing.com,1993-09-20,1099195
3415375217,Torrie Bowller,tbowllerrl@bluehost.com,tbowllerrl@lulu.com,1992-05-24,1296064
6938093901,Ephrem Partkya,epartkyarm@i2i.jp,epartkyarm@last.fm,1980-02-02,2548462
6708710228,Odessa Doumerque,odoumerquern@epa.gov,odoumerquern@yellowpages.com,2015-02-14,4518534
9874768992,Lil Dwyr,ldwyrro@washington.edu,ldwyrro@ucla.edu,2000-04-07,2611921
9261547400,Mac Rugiero,mrugierorp@arstechnica.com,mrugierorp@walmart.com,1998-02-06,6796123
3137606064,Kristopher Flaherty,kflahertyrq@nasa.gov,kflahertyrq@oracle.com,2015-07-09,6107890
3300729008,Annabelle Northfield,anorthfieldrr@economist.com,anorthfieldrr@scientificamerican.com,2021-05-25,9130866